file,line,type,commit,author,date,time,timezone,datetime,depth,length
temp.js,1,js,2837ba79,ritvikchand1,2025-05-03,22:03:16,-07:00,2025-05-03T22:03:16-07:00,0,17
temp.js,2,js,2837ba79,ritvikchand1,2025-05-03,22:03:16,-07:00,2025-05-03T22:03:16-07:00,0,13
temp.js,3,js,2837ba79,ritvikchand1,2025-05-03,22:03:16,-07:00,2025-05-03T22:03:16-07:00,0,20
temp.js,4,js,2837ba79,ritvikchand1,2025-05-03,22:03:16,-07:00,2025-05-03T22:03:16-07:00,0,10
temp.js,5,js,2837ba79,ritvikchand1,2025-05-03,22:03:16,-07:00,2025-05-03T22:03:16-07:00,0,0
temp.js,6,js,2837ba79,ritvikchand1,2025-05-03,22:03:16,-07:00,2025-05-03T22:03:16-07:00,0,13
temp.js,7,js,2837ba79,ritvikchand1,2025-05-03,22:03:16,-07:00,2025-05-03T22:03:16-07:00,0,16
temp.js,8,js,2837ba79,ritvikchand1,2025-05-03,22:03:16,-07:00,2025-05-03T22:03:16-07:00,0,0
temp.js,9,js,2837ba79,ritvikchand1,2025-05-03,22:03:16,-07:00,2025-05-03T22:03:16-07:00,0,20
temp.js,10,js,2837ba79,ritvikchand1,2025-05-03,22:03:16,-07:00,2025-05-03T22:03:16-07:00,0,48
temp.js,11,js,2837ba79,ritvikchand1,2025-05-03,22:03:16,-07:00,2025-05-03T22:03:16-07:00,0,45
temp.js,12,js,2837ba79,ritvikchand1,2025-05-03,22:03:16,-07:00,2025-05-03T22:03:16-07:00,0,16
temp.js,13,js,2837ba79,ritvikchand1,2025-05-03,22:03:16,-07:00,2025-05-03T22:03:16-07:00,0,0
temp.js,14,js,2837ba79,ritvikchand1,2025-05-03,22:03:16,-07:00,2025-05-03T22:03:16-07:00,0,46
temp.js,15,js,2837ba79,ritvikchand1,2025-05-03,22:03:16,-07:00,2025-05-03T22:03:16-07:00,0,31
temp.js,16,js,2837ba79,ritvikchand1,2025-05-03,22:03:16,-07:00,2025-05-03T22:03:16-07:00,0,0
temp.js,17,js,2837ba79,ritvikchand1,2025-05-03,22:03:16,-07:00,2025-05-03T22:03:16-07:00,0,27
temp.js,18,js,2837ba79,ritvikchand1,2025-05-03,22:03:16,-07:00,2025-05-03T22:03:16-07:00,0,15
temp.js,19,js,2837ba79,ritvikchand1,2025-05-03,22:03:16,-07:00,2025-05-03T22:03:16-07:00,0,14
temp.js,20,js,2837ba79,ritvikchand1,2025-05-03,22:03:16,-07:00,2025-05-03T22:03:16-07:00,0,14
temp.js,21,js,2837ba79,ritvikchand1,2025-05-03,22:03:16,-07:00,2025-05-03T22:03:16-07:00,0,25
temp.js,22,js,2837ba79,ritvikchand1,2025-05-03,22:03:16,-07:00,2025-05-03T22:03:16-07:00,0,23
temp.js,23,js,2837ba79,ritvikchand1,2025-05-03,22:03:16,-07:00,2025-05-03T22:03:16-07:00,0,24
temp.js,24,js,2837ba79,ritvikchand1,2025-05-03,22:03:16,-07:00,2025-05-03T22:03:16-07:00,0,2
style.css,1,css,1a6ed785,ritvikchand1,2025-04-11,21:27:20,-07:00,2025-04-11T21:27:20-07:00,0,5
style.css,2,css,1a6ed785,ritvikchand1,2025-04-11,21:27:20,-07:00,2025-04-11T21:27:20-07:00,0,32
style.css,3,css,1a6ed785,ritvikchand1,2025-04-11,21:27:20,-07:00,2025-04-11T21:27:20-07:00,0,33
style.css,4,css,f41f1311,ritvikchand1,2025-04-19,18:37:16,-07:00,2025-04-19T18:37:16-07:00,0,23
style.css,5,css,1a6ed785,ritvikchand1,2025-04-11,21:27:20,-07:00,2025-04-11T21:27:20-07:00,0,0
style.css,6,css,1a6ed785,ritvikchand1,2025-04-11,21:27:20,-07:00,2025-04-11T21:27:20-07:00,0,0
style.css,7,css,8a33843d,ritvikchand1,2025-04-04,19:27:21,-07:00,2025-04-04T19:27:21-07:00,0,5
style.css,8,css,8a33843d,ritvikchand1,2025-04-04,19:27:21,-07:00,2025-04-04T19:27:21-07:00,0,24
style.css,9,css,1a6ed785,ritvikchand1,2025-04-11,21:27:20,-07:00,2025-04-11T21:27:20-07:00,0,16
style.css,10,css,1a6ed785,ritvikchand1,2025-04-11,21:27:20,-07:00,2025-04-11T21:27:20-07:00,0,19
style.css,11,css,1a6ed785,ritvikchand1,2025-04-11,21:27:20,-07:00,2025-04-11T21:27:20-07:00,0,13
style.css,12,css,1a6ed785,ritvikchand1,2025-04-11,21:27:20,-07:00,2025-04-11T21:27:20-07:00,0,0
style.css,13,css,1a6ed785,ritvikchand1,2025-04-11,21:27:20,-07:00,2025-04-11T21:27:20-07:00,0,0
style.css,14,css,1a6ed785,ritvikchand1,2025-04-11,21:27:20,-07:00,2025-04-11T21:27:20-07:00,0,4
style.css,15,css,f41f1311,ritvikchand1,2025-04-19,18:37:16,-07:00,2025-04-19T18:37:16-07:00,0,40
style.css,16,css,1a6ed785,ritvikchand1,2025-04-11,21:27:20,-07:00,2025-04-11T21:27:20-07:00,0,13
style.css,17,css,1a6ed785,ritvikchand1,2025-04-11,21:27:20,-07:00,2025-04-11T21:27:20-07:00,0,19
style.css,18,css,1a6ed785,ritvikchand1,2025-04-11,21:27:20,-07:00,2025-04-11T21:27:20-07:00,0,24
style.css,19,css,1a6ed785,ritvikchand1,2025-04-11,21:27:20,-07:00,2025-04-11T21:27:20-07:00,0,26
style.css,20,css,f41f1311,ritvikchand1,2025-04-19,18:37:16,-07:00,2025-04-19T18:37:16-07:00,0,40
style.css,21,css,1a6ed785,ritvikchand1,2025-04-11,21:27:20,-07:00,2025-04-11T21:27:20-07:00,0,0
style.css,22,css,1a6ed785,ritvikchand1,2025-04-11,21:27:20,-07:00,2025-04-11T21:27:20-07:00,0,0
style.css,23,css,1a6ed785,ritvikchand1,2025-04-11,21:27:20,-07:00,2025-04-11T21:27:20-07:00,0,6
style.css,24,css,1a6ed785,ritvikchand1,2025-04-11,21:27:20,-07:00,2025-04-11T21:27:20-07:00,0,7
style.css,25,css,1a6ed785,ritvikchand1,2025-04-11,21:27:20,-07:00,2025-04-11T21:27:20-07:00,0,21
style.css,26,css,1a6ed785,ritvikchand1,2025-04-11,21:27:20,-07:00,2025-04-11T21:27:20-07:00,0,14
style.css,27,css,1a6ed785,ritvikchand1,2025-04-11,21:27:20,-07:00,2025-04-11T21:27:20-07:00,0,18
style.css,28,css,1a6ed785,ritvikchand1,2025-04-11,21:27:20,-07:00,2025-04-11T21:27:20-07:00,0,14
style.css,29,css,1a6ed785,ritvikchand1,2025-04-11,21:27:20,-07:00,2025-04-11T21:27:20-07:00,0,0
style.css,30,css,1a6ed785,ritvikchand1,2025-04-11,21:27:20,-07:00,2025-04-11T21:27:20-07:00,0,0
style.css,31,css,1a6ed785,ritvikchand1,2025-04-11,21:27:20,-07:00,2025-04-11T21:27:20-07:00,0,14
style.css,32,css,1a6ed785,ritvikchand1,2025-04-11,21:27:20,-07:00,2025-04-11T21:27:20-07:00,0,26
style.css,33,css,1a6ed785,ritvikchand1,2025-04-11,21:27:20,-07:00,2025-04-11T21:27:20-07:00,0,26
style.css,34,css,f41f1311,ritvikchand1,2025-04-19,18:37:16,-07:00,2025-04-19T18:37:16-07:00,0,40
style.css,35,css,1a6ed785,ritvikchand1,2025-04-11,21:27:20,-07:00,2025-04-11T21:27:20-07:00,0,21
style.css,36,css,1a6ed785,ritvikchand1,2025-04-11,21:27:20,-07:00,2025-04-11T21:27:20-07:00,0,0
style.css,37,css,1a6ed785,ritvikchand1,2025-04-11,21:27:20,-07:00,2025-04-11T21:27:20-07:00,0,0
style.css,38,css,1a6ed785,ritvikchand1,2025-04-11,21:27:20,-07:00,2025-04-11T21:27:20-07:00,0,12
style.css,39,css,1a6ed785,ritvikchand1,2025-04-11,21:27:20,-07:00,2025-04-11T21:27:20-07:00,0,26
style.css,40,css,1a6ed785,ritvikchand1,2025-04-11,21:27:20,-07:00,2025-04-11T21:27:20-07:00,0,26
style.css,41,css,1a6ed785,ritvikchand1,2025-04-11,21:27:20,-07:00,2025-04-11T21:27:20-07:00,0,21
style.css,42,css,1a6ed785,ritvikchand1,2025-04-11,21:27:20,-07:00,2025-04-11T21:27:20-07:00,0,40
style.css,43,css,f41f1311,ritvikchand1,2025-04-19,18:37:16,-07:00,2025-04-19T18:37:16-07:00,0,70
style.css,44,css,1a6ed785,ritvikchand1,2025-04-11,21:27:20,-07:00,2025-04-11T21:27:20-07:00,0,0
style.css,45,css,1a6ed785,ritvikchand1,2025-04-11,21:27:20,-07:00,2025-04-11T21:27:20-07:00,0,0
style.css,46,css,1a6ed785,ritvikchand1,2025-04-11,21:27:20,-07:00,2025-04-11T21:27:20-07:00,0,14
style.css,47,css,1a6ed785,ritvikchand1,2025-04-11,21:27:20,-07:00,2025-04-11T21:27:20-07:00,0,13
style.css,48,css,1a6ed785,ritvikchand1,2025-04-11,21:27:20,-07:00,2025-04-11T21:27:20-07:00,0,30
style.css,49,css,1a6ed785,ritvikchand1,2025-04-11,21:27:20,-07:00,2025-04-11T21:27:20-07:00,0,19
style.css,50,css,1a6ed785,ritvikchand1,2025-04-11,21:27:20,-07:00,2025-04-11T21:27:20-07:00,0,8
style.css,51,css,1a6ed785,ritvikchand1,2025-04-11,21:27:20,-07:00,2025-04-11T21:27:20-07:00,0,11
style.css,52,css,1a6ed785,ritvikchand1,2025-04-11,21:27:20,-07:00,2025-04-11T21:27:20-07:00,0,0
style.css,53,css,1a6ed785,ritvikchand1,2025-04-11,21:27:20,-07:00,2025-04-11T21:27:20-07:00,0,0
style.css,54,css,1a6ed785,ritvikchand1,2025-04-11,21:27:20,-07:00,2025-04-11T21:27:20-07:00,0,14
style.css,55,css,1a6ed785,ritvikchand1,2025-04-11,21:27:20,-07:00,2025-04-11T21:27:20-07:00,0,17
style.css,56,css,1a6ed785,ritvikchand1,2025-04-11,21:27:20,-07:00,2025-04-11T21:27:20-07:00,0,16
style.css,57,css,1a6ed785,ritvikchand1,2025-04-11,21:27:20,-07:00,2025-04-11T21:27:20-07:00,0,13
style.css,58,css,1a6ed785,ritvikchand1,2025-04-11,21:27:20,-07:00,2025-04-11T21:27:20-07:00,0,11
style.css,59,css,1a6ed785,ritvikchand1,2025-04-11,21:27:20,-07:00,2025-04-11T21:27:20-07:00,0,22
style.css,60,css,1a6ed785,ritvikchand1,2025-04-11,21:27:20,-07:00,2025-04-11T21:27:20-07:00,0,0
style.css,61,css,1a6ed785,ritvikchand1,2025-04-11,21:27:20,-07:00,2025-04-11T21:27:20-07:00,0,0
style.css,62,css,1a6ed785,ritvikchand1,2025-04-11,21:27:20,-07:00,2025-04-11T21:27:20-07:00,0,10
style.css,63,css,1a6ed785,ritvikchand1,2025-04-11,21:27:20,-07:00,2025-04-11T21:27:20-07:00,0,13
style.css,64,css,1a6ed785,ritvikchand1,2025-04-11,21:27:20,-07:00,2025-04-11T21:27:20-07:00,0,59
style.css,65,css,1a6ed785,ritvikchand1,2025-04-11,21:27:20,-07:00,2025-04-11T21:27:20-07:00,0,0
style.css,66,css,1a6ed785,ritvikchand1,2025-04-11,21:27:20,-07:00,2025-04-11T21:27:20-07:00,0,0
style.css,67,css,1a6ed785,ritvikchand1,2025-04-11,21:27:20,-07:00,2025-04-11T21:27:20-07:00,0,18
style.css,68,css,1a6ed785,ritvikchand1,2025-04-11,21:27:20,-07:00,2025-04-11T21:27:20-07:00,0,13
style.css,69,css,1a6ed785,ritvikchand1,2025-04-11,21:27:20,-07:00,2025-04-11T21:27:20-07:00,0,27
style.css,70,css,1a6ed785,ritvikchand1,2025-04-11,21:27:20,-07:00,2025-04-11T21:27:20-07:00,0,16
style.css,71,css,1a6ed785,ritvikchand1,2025-04-11,21:27:20,-07:00,2025-04-11T21:27:20-07:00,0,12
style.css,72,css,1a6ed785,ritvikchand1,2025-04-11,21:27:20,-07:00,2025-04-11T21:27:20-07:00,0,0
style.css,73,css,1a6ed785,ritvikchand1,2025-04-11,21:27:20,-07:00,2025-04-11T21:27:20-07:00,0,0
style.css,74,css,1a6ed785,ritvikchand1,2025-04-11,21:27:20,-07:00,2025-04-11T21:27:20-07:00,0,13
style.css,75,css,1a6ed785,ritvikchand1,2025-04-11,21:27:20,-07:00,2025-04-11T21:27:20-07:00,0,9
style.css,76,css,1a6ed785,ritvikchand1,2025-04-11,21:27:20,-07:00,2025-04-11T21:27:20-07:00,0,0
style.css,77,css,1a6ed785,ritvikchand1,2025-04-11,21:27:20,-07:00,2025-04-11T21:27:20-07:00,0,0
style.css,78,css,1a6ed785,ritvikchand1,2025-04-11,21:27:20,-07:00,2025-04-11T21:27:20-07:00,0,23
style.css,79,css,1a6ed785,ritvikchand1,2025-04-11,21:27:20,-07:00,2025-04-11T21:27:20-07:00,0,16
style.css,80,css,1a6ed785,ritvikchand1,2025-04-11,21:27:20,-07:00,2025-04-11T21:27:20-07:00,0,18
style.css,81,css,1a6ed785,ritvikchand1,2025-04-11,21:27:20,-07:00,2025-04-11T21:27:20-07:00,0,0
style.css,82,css,1a6ed785,ritvikchand1,2025-04-11,21:27:20,-07:00,2025-04-11T21:27:20-07:00,0,0
style.css,83,css,1a6ed785,ritvikchand1,2025-04-11,21:27:20,-07:00,2025-04-11T21:27:20-07:00,0,3
style.css,84,css,1a6ed785,ritvikchand1,2025-04-11,21:27:20,-07:00,2025-04-11T21:27:20-07:00,0,14
style.css,85,css,1a6ed785,ritvikchand1,2025-04-11,21:27:20,-07:00,2025-04-11T21:27:20-07:00,0,20
style.css,86,css,1a6ed785,ritvikchand1,2025-04-11,21:27:20,-07:00,2025-04-11T21:27:20-07:00,0,0
style.css,87,css,1a6ed785,ritvikchand1,2025-04-11,21:27:20,-07:00,2025-04-11T21:27:20-07:00,0,0
style.css,88,css,1a6ed785,ritvikchand1,2025-04-11,21:27:20,-07:00,2025-04-11T21:27:20-07:00,0,4
style.css,89,css,1a6ed785,ritvikchand1,2025-04-11,21:27:20,-07:00,2025-04-11T21:27:20-07:00,0,35
style.css,90,css,1a6ed785,ritvikchand1,2025-04-11,21:27:20,-07:00,2025-04-11T21:27:20-07:00,0,32
style.css,91,css,1a6ed785,ritvikchand1,2025-04-11,21:27:20,-07:00,2025-04-11T21:27:20-07:00,0,18
style.css,92,css,1a6ed785,ritvikchand1,2025-04-11,21:27:20,-07:00,2025-04-11T21:27:20-07:00,0,0
style.css,93,css,1a6ed785,ritvikchand1,2025-04-11,21:27:20,-07:00,2025-04-11T21:27:20-07:00,0,24
style.css,94,css,1a6ed785,ritvikchand1,2025-04-11,21:27:20,-07:00,2025-04-11T21:27:20-07:00,0,43
style.css,95,css,1a6ed785,ritvikchand1,2025-04-11,21:27:20,-07:00,2025-04-11T21:27:20-07:00,0,13
style.css,96,css,38ca7758,ritvikchand1,2025-04-11,21:37:00,-07:00,2025-04-11T21:37:00-07:00,0,16
style.css,97,css,1a6ed785,ritvikchand1,2025-04-11,21:27:20,-07:00,2025-04-11T21:27:20-07:00,0,0
style.css,98,css,1a6ed785,ritvikchand1,2025-04-11,21:27:20,-07:00,2025-04-11T21:27:20-07:00,0,0
style.css,99,css,1a6ed785,ritvikchand1,2025-04-11,21:27:20,-07:00,2025-04-11T21:27:20-07:00,0,12
style.css,100,css,38ca7758,ritvikchand1,2025-04-11,21:37:00,-07:00,2025-04-11T21:37:00-07:00,0,26
style.css,101,css,1a6ed785,ritvikchand1,2025-04-11,21:27:20,-07:00,2025-04-11T21:27:20-07:00,0,26
style.css,102,css,1a6ed785,ritvikchand1,2025-04-11,21:27:20,-07:00,2025-04-11T21:27:20-07:00,0,21
style.css,103,css,1a6ed785,ritvikchand1,2025-04-11,21:27:20,-07:00,2025-04-11T21:27:20-07:00,0,40
style.css,104,css,f41f1311,ritvikchand1,2025-04-19,18:37:16,-07:00,2025-04-19T18:37:16-07:00,0,70
style.css,105,css,1a6ed785,ritvikchand1,2025-04-11,21:27:20,-07:00,2025-04-11T21:27:20-07:00,0,0
style.css,106,css,1a6ed785,ritvikchand1,2025-04-11,21:27:20,-07:00,2025-04-11T21:27:20-07:00,0,0
style.css,107,css,1a6ed785,ritvikchand1,2025-04-11,21:27:20,-07:00,2025-04-11T21:27:20-07:00,0,12
style.css,108,css,1a6ed785,ritvikchand1,2025-04-11,21:27:20,-07:00,2025-04-11T21:27:20-07:00,0,6
style.css,109,css,1a6ed785,ritvikchand1,2025-04-11,21:27:20,-07:00,2025-04-11T21:27:20-07:00,0,12
style.css,110,css,1a6ed785,ritvikchand1,2025-04-11,21:27:20,-07:00,2025-04-11T21:27:20-07:00,0,18
style.css,111,css,1a6ed785,ritvikchand1,2025-04-11,21:27:20,-07:00,2025-04-11T21:27:20-07:00,0,12
style.css,112,css,1a6ed785,ritvikchand1,2025-04-11,21:27:20,-07:00,2025-04-11T21:27:20-07:00,0,44
style.css,113,css,1a6ed785,ritvikchand1,2025-04-11,21:27:20,-07:00,2025-04-11T21:27:20-07:00,0,0
style.css,114,css,1a6ed785,ritvikchand1,2025-04-11,21:27:20,-07:00,2025-04-11T21:27:20-07:00,0,0
style.css,115,css,38ca7758,ritvikchand1,2025-04-11,21:37:00,-07:00,2025-04-11T21:37:00-07:00,0,12
style.css,116,css,38ca7758,ritvikchand1,2025-04-11,21:37:00,-07:00,2025-04-11T21:37:00-07:00,0,32
style.css,117,css,38ca7758,ritvikchand1,2025-04-11,21:37:00,-07:00,2025-04-11T21:37:00-07:00,0,12
style.css,118,css,38ca7758,ritvikchand1,2025-04-11,21:37:00,-07:00,2025-04-11T21:37:00-07:00,0,20
style.css,119,css,38ca7758,ritvikchand1,2025-04-11,21:37:00,-07:00,2025-04-11T21:37:00-07:00,0,20
style.css,120,css,38ca7758,ritvikchand1,2025-04-11,21:37:00,-07:00,2025-04-11T21:37:00-07:00,0,41
style.css,121,css,38ca7758,ritvikchand1,2025-04-11,21:37:00,-07:00,2025-04-11T21:37:00-07:00,0,0
style.css,122,css,38ca7758,ritvikchand1,2025-04-11,21:37:00,-07:00,2025-04-11T21:37:00-07:00,0,0
style.css,123,css,38ca7758,ritvikchand1,2025-04-11,21:37:00,-07:00,2025-04-11T21:37:00-07:00,0,9
style.css,124,css,38ca7758,ritvikchand1,2025-04-11,21:37:00,-07:00,2025-04-11T21:37:00-07:00,0,16
style.css,125,css,38ca7758,ritvikchand1,2025-04-11,21:37:00,-07:00,2025-04-11T21:37:00-07:00,0,11
style.css,126,css,38ca7758,ritvikchand1,2025-04-11,21:37:00,-07:00,2025-04-11T21:37:00-07:00,0,0
style.css,127,css,1a6ed785,ritvikchand1,2025-04-11,21:27:20,-07:00,2025-04-11T21:27:20-07:00,0,0
style.css,128,css,1a6ed785,ritvikchand1,2025-04-11,21:27:20,-07:00,2025-04-11T21:27:20-07:00,0,19
style.css,129,css,1a6ed785,ritvikchand1,2025-04-11,21:27:20,-07:00,2025-04-11T21:27:20-07:00,0,17
style.css,130,css,1a6ed785,ritvikchand1,2025-04-11,21:27:20,-07:00,2025-04-11T21:27:20-07:00,0,15
style.css,131,css,1a6ed785,ritvikchand1,2025-04-11,21:27:20,-07:00,2025-04-11T21:27:20-07:00,0,20
style.css,132,css,1a6ed785,ritvikchand1,2025-04-11,21:27:20,-07:00,2025-04-11T21:27:20-07:00,0,42
style.css,133,css,1a6ed785,ritvikchand1,2025-04-11,21:27:20,-07:00,2025-04-11T21:27:20-07:00,0,20
style.css,134,css,1a6ed785,ritvikchand1,2025-04-11,21:27:20,-07:00,2025-04-11T21:27:20-07:00,0,48
style.css,135,css,1a6ed785,ritvikchand1,2025-04-11,21:27:20,-07:00,2025-04-11T21:27:20-07:00,0,0
style.css,136,css,1a6ed785,ritvikchand1,2025-04-11,21:27:20,-07:00,2025-04-11T21:27:20-07:00,0,0
style.css,137,css,1a6ed785,ritvikchand1,2025-04-11,21:27:20,-07:00,2025-04-11T21:27:20-07:00,0,25
style.css,138,css,1a6ed785,ritvikchand1,2025-04-11,21:27:20,-07:00,2025-04-11T21:27:20-07:00,0,26
style.css,139,css,1a6ed785,ritvikchand1,2025-04-11,21:27:20,-07:00,2025-04-11T21:27:20-07:00,0,26
style.css,140,css,1a6ed785,ritvikchand1,2025-04-11,21:27:20,-07:00,2025-04-11T21:27:20-07:00,0,0
style.css,141,css,1a6ed785,ritvikchand1,2025-04-11,21:27:20,-07:00,2025-04-11T21:27:20-07:00,0,0
style.css,142,css,f41f1311,ritvikchand1,2025-04-19,18:37:16,-07:00,2025-04-19T18:37:16-07:00,0,19
style.css,143,css,f41f1311,ritvikchand1,2025-04-19,18:37:16,-07:00,2025-04-19T18:37:16-07:00,0,18
style.css,144,css,f41f1311,ritvikchand1,2025-04-19,18:37:16,-07:00,2025-04-19T18:37:16-07:00,0,9
style.css,145,css,f41f1311,ritvikchand1,2025-04-19,18:37:16,-07:00,2025-04-19T18:37:16-07:00,0,11
style.css,146,css,f41f1311,ritvikchand1,2025-04-19,18:37:16,-07:00,2025-04-19T18:37:16-07:00,0,14
style.css,147,css,f41f1311,ritvikchand1,2025-04-19,18:37:16,-07:00,2025-04-19T18:37:16-07:00,0,20
style.css,148,css,f41f1311,ritvikchand1,2025-04-19,18:37:16,-07:00,2025-04-19T18:37:16-07:00,0,0
style.css,149,css,1a6ed785,ritvikchand1,2025-04-11,21:27:20,-07:00,2025-04-11T21:27:20-07:00,0,0
style.css,150,css,2837ba79,ritvikchand1,2025-05-03,22:03:16,-07:00,2025-05-03T22:03:16-07:00,0,15
style.css,151,css,2837ba79,ritvikchand1,2025-05-03,22:03:16,-07:00,2025-05-03T22:03:16-07:00,0,15
style.css,152,css,2837ba79,ritvikchand1,2025-05-03,22:03:16,-07:00,2025-05-03T22:03:16-07:00,0,17
style.css,153,css,1a6ed785,ritvikchand1,2025-04-11,21:27:20,-07:00,2025-04-11T21:27:20-07:00,0,0
style.css,154,css,2837ba79,ritvikchand1,2025-05-03,22:03:16,-07:00,2025-05-03T22:03:16-07:00,0,17
style.css,155,css,2837ba79,ritvikchand1,2025-05-03,22:03:16,-07:00,2025-05-03T22:03:16-07:00,0,0
style.css,156,css,2837ba79,ritvikchand1,2025-05-03,22:03:16,-07:00,2025-05-03T22:03:16-07:00,0,0
style.css,157,css,2837ba79,ritvikchand1,2025-05-03,22:03:16,-07:00,2025-05-03T22:03:16-07:00,0,8
style.css,158,css,2837ba79,ritvikchand1,2025-05-03,22:03:16,-07:00,2025-05-03T22:03:16-07:00,0,16
style.css,159,css,2837ba79,ritvikchand1,2025-05-03,22:03:16,-07:00,2025-05-03T22:03:16-07:00,0,14
style.css,160,css,2837ba79,ritvikchand1,2025-05-03,22:03:16,-07:00,2025-05-03T22:03:16-07:00,0,15
style.css,161,css,2837ba79,ritvikchand1,2025-05-03,22:03:16,-07:00,2025-05-03T22:03:16-07:00,0,13
style.css,162,css,2837ba79,ritvikchand1,2025-05-03,22:03:16,-07:00,2025-05-03T22:03:16-07:00,0,58
style.css,163,css,2837ba79,ritvikchand1,2025-05-03,22:03:16,-07:00,2025-05-03T22:03:16-07:00,0,10
style.css,164,css,2837ba79,ritvikchand1,2025-05-03,22:03:16,-07:00,2025-05-03T22:03:16-07:00,0,34
style.css,165,css,2837ba79,ritvikchand1,2025-05-03,22:03:16,-07:00,2025-05-03T22:03:16-07:00,0,24
style.css,166,css,2837ba79,ritvikchand1,2025-05-03,22:03:16,-07:00,2025-05-03T22:03:16-07:00,0,18
style.css,167,css,2837ba79,ritvikchand1,2025-05-03,22:03:16,-07:00,2025-05-03T22:03:16-07:00,0,7
style.css,168,css,2837ba79,ritvikchand1,2025-05-03,22:03:16,-07:00,2025-05-03T22:03:16-07:00,0,0
style.css,169,css,2837ba79,ritvikchand1,2025-05-03,22:03:16,-07:00,2025-05-03T22:03:16-07:00,0,0
style.css,170,css,2837ba79,ritvikchand1,2025-05-03,22:03:16,-07:00,2025-05-03T22:03:16-07:00,0,14
style.css,171,css,2837ba79,ritvikchand1,2025-05-03,22:03:16,-07:00,2025-05-03T22:03:16-07:00,0,18
style.css,172,css,2837ba79,ritvikchand1,2025-05-03,22:03:16,-07:00,2025-05-03T22:03:16-07:00,0,16
style.css,173,css,2837ba79,ritvikchand1,2025-05-03,22:03:16,-07:00,2025-05-03T22:03:16-07:00,0,14
style.css,174,css,2837ba79,ritvikchand1,2025-05-03,22:03:16,-07:00,2025-05-03T22:03:16-07:00,0,0
style.css,175,css,2837ba79,ritvikchand1,2025-05-03,22:03:16,-07:00,2025-05-03T22:03:16-07:00,0,0
style.css,176,css,2837ba79,ritvikchand1,2025-05-03,22:03:16,-07:00,2025-05-03T22:03:16-07:00,0,16
style.css,177,css,2837ba79,ritvikchand1,2025-05-03,22:03:16,-07:00,2025-05-03T22:03:16-07:00,0,21
style.css,178,css,2837ba79,ritvikchand1,2025-05-03,22:03:16,-07:00,2025-05-03T22:03:16-07:00,0,12
style.css,179,css,2837ba79,ritvikchand1,2025-05-03,22:03:16,-07:00,2025-05-03T22:03:16-07:00,0,11
style.css,180,css,2837ba79,ritvikchand1,2025-05-03,22:03:16,-07:00,2025-05-03T22:03:16-07:00,0,19
style.css,181,css,2837ba79,ritvikchand1,2025-05-03,22:03:16,-07:00,2025-05-03T22:03:16-07:00,0,18
style.css,182,css,2837ba79,ritvikchand1,2025-05-03,22:03:16,-07:00,2025-05-03T22:03:16-07:00,0,30
style.css,183,css,2837ba79,ritvikchand1,2025-05-03,22:03:16,-07:00,2025-05-03T22:03:16-07:00,0,22
style.css,184,css,2837ba79,ritvikchand1,2025-05-03,22:03:16,-07:00,2025-05-03T22:03:16-07:00,0,0
style.css,185,css,2837ba79,ritvikchand1,2025-05-03,22:03:16,-07:00,2025-05-03T22:03:16-07:00,0,0
style.css,186,css,2837ba79,ritvikchand1,2025-05-03,22:03:16,-07:00,2025-05-03T22:03:16-07:00,0,21
style.css,187,css,2837ba79,ritvikchand1,2025-05-03,22:03:16,-07:00,2025-05-03T22:03:16-07:00,0,13
style.css,188,css,2837ba79,ritvikchand1,2025-05-03,22:03:16,-07:00,2025-05-03T22:03:16-07:00,0,19
style.css,189,css,2837ba79,ritvikchand1,2025-05-03,22:03:16,-07:00,2025-05-03T22:03:16-07:00,0,10
style.css,190,css,2837ba79,ritvikchand1,2025-05-03,22:03:16,-07:00,2025-05-03T22:03:16-07:00,0,0
style.css,191,css,2837ba79,ritvikchand1,2025-05-03,22:03:16,-07:00,2025-05-03T22:03:16-07:00,0,0
style.css,192,css,2837ba79,ritvikchand1,2025-05-03,22:03:16,-07:00,2025-05-03T22:03:16-07:00,0,11
style.css,193,css,2837ba79,ritvikchand1,2025-05-03,22:03:16,-07:00,2025-05-03T22:03:16-07:00,0,13
style.css,194,css,2837ba79,ritvikchand1,2025-05-03,22:03:16,-07:00,2025-05-03T22:03:16-07:00,0,19
style.css,195,css,2837ba79,ritvikchand1,2025-05-03,22:03:16,-07:00,2025-05-03T22:03:16-07:00,0,8
style.css,196,css,2837ba79,ritvikchand1,2025-05-03,22:03:16,-07:00,2025-05-03T22:03:16-07:00,0,0
style.css,197,css,2837ba79,ritvikchand1,2025-05-03,22:03:16,-07:00,2025-05-03T22:03:16-07:00,0,0
style.css,198,css,2837ba79,ritvikchand1,2025-05-03,22:03:16,-07:00,2025-05-03T22:03:16-07:00,0,48
style.css,199,css,2837ba79,ritvikchand1,2025-05-03,22:03:16,-07:00,2025-05-03T22:03:16-07:00,0,12
style.css,200,css,2837ba79,ritvikchand1,2025-05-03,22:03:16,-07:00,2025-05-03T22:03:16-07:00,0,0
style.css,201,css,2837ba79,ritvikchand1,2025-05-03,22:03:16,-07:00,2025-05-03T22:03:16-07:00,0,0
style.css,202,css,2837ba79,ritvikchand1,2025-05-03,22:03:16,-07:00,2025-05-03T22:03:16-07:00,0,20
style.css,203,css,2837ba79,ritvikchand1,2025-05-03,22:03:16,-07:00,2025-05-03T22:03:16-07:00,0,17
style.css,204,css,2837ba79,ritvikchand1,2025-05-03,22:03:16,-07:00,2025-05-03T22:03:16-07:00,0,15
style.css,205,css,2837ba79,ritvikchand1,2025-05-03,22:03:16,-07:00,2025-05-03T22:03:16-07:00,0,0
style.css,206,css,2837ba79,ritvikchand1,2025-05-03,22:03:16,-07:00,2025-05-03T22:03:16-07:00,0,0
style.css,207,css,2837ba79,ritvikchand1,2025-05-03,22:03:16,-07:00,2025-05-03T22:03:16-07:00,0,10
style.css,208,css,2837ba79,ritvikchand1,2025-05-03,22:03:16,-07:00,2025-05-03T22:03:16-07:00,0,36
style.css,209,css,2837ba79,ritvikchand1,2025-05-03,22:03:16,-07:00,2025-05-03T22:03:16-07:00,0,0
style.css,210,css,2837ba79,ritvikchand1,2025-05-03,22:03:16,-07:00,2025-05-03T22:03:16-07:00,0,0
style.css,211,css,2837ba79,ritvikchand1,2025-05-03,22:03:16,-07:00,2025-05-03T22:03:16-07:00,0,19
style.css,212,css,2837ba79,ritvikchand1,2025-05-03,22:03:16,-07:00,2025-05-03T22:03:16-07:00,0,18
style.css,213,css,2837ba79,ritvikchand1,2025-05-03,22:03:16,-07:00,2025-05-03T22:03:16-07:00,0,0
index.js,1,js,0a8bf3bd,ritvikchand1,2025-04-26,22:00:39,-07:00,2025-04-26T22:00:39-07:00,0,72
index.js,2,js,0a8bf3bd,ritvikchand1,2025-04-26,22:00:39,-07:00,2025-04-26T22:00:39-07:00,0,55
index.js,3,js,0a8bf3bd,ritvikchand1,2025-04-26,22:00:39,-07:00,2025-04-26T22:00:39-07:00,0,43
index.js,4,js,0a8bf3bd,ritvikchand1,2025-04-26,22:00:39,-07:00,2025-04-26T22:00:39-07:00,0,0
index.js,5,js,0a8bf3bd,ritvikchand1,2025-04-26,22:00:39,-07:00,2025-04-26T22:00:39-07:00,0,61
index.js,6,js,0a8bf3bd,ritvikchand1,2025-04-26,22:00:39,-07:00,2025-04-26T22:00:39-07:00,0,55
index.js,7,js,0a8bf3bd,ritvikchand1,2025-04-26,22:00:39,-07:00,2025-04-26T22:00:39-07:00,0,0
index.js,8,js,0a8bf3bd,ritvikchand1,2025-04-26,22:00:39,-07:00,2025-04-26T22:00:39-07:00,0,56
index.js,9,js,0a8bf3bd,ritvikchand1,2025-04-26,22:00:39,-07:00,2025-04-26T22:00:39-07:00,0,61
index.js,10,js,0a8bf3bd,ritvikchand1,2025-04-26,22:00:39,-07:00,2025-04-26T22:00:39-07:00,0,18
index.js,11,js,0a8bf3bd,ritvikchand1,2025-04-26,22:00:39,-07:00,2025-04-26T22:00:39-07:00,0,25
index.js,12,js,0a8bf3bd,ritvikchand1,2025-04-26,22:00:39,-07:00,2025-04-26T22:00:39-07:00,0,3
index.js,13,js,0a8bf3bd,ritvikchand1,2025-04-26,22:00:39,-07:00,2025-04-26T22:00:39-07:00,0,56
index.js,14,js,0a8bf3bd,ritvikchand1,2025-04-26,22:00:39,-07:00,2025-04-26T22:00:39-07:00,0,56
index.js,15,js,0a8bf3bd,ritvikchand1,2025-04-26,22:00:39,-07:00,2025-04-26T22:00:39-07:00,0,50
index.js,16,js,0a8bf3bd,ritvikchand1,2025-04-26,22:00:39,-07:00,2025-04-26T22:00:39-07:00,0,50
index.js,17,js,0a8bf3bd,ritvikchand1,2025-04-26,22:00:39,-07:00,2025-04-26T22:00:39-07:00,0,4
index.js,18,js,0a8bf3bd,ritvikchand1,2025-04-26,22:00:39,-07:00,2025-04-26T22:00:39-07:00,0,1
index.js,19,js,0a8bf3bd,ritvikchand1,2025-04-26,22:00:39,-07:00,2025-04-26T22:00:39-07:00,0,0
index.html,1,html,ea657f95,ritvikchand1,2025-04-03,16:21:05,-07:00,2025-04-03T16:21:05-07:00,0,14
index.html,2,html,ea657f95,ritvikchand1,2025-04-03,16:21:05,-07:00,2025-04-03T16:21:05-07:00,0,15
index.html,3,html,ea657f95,ritvikchand1,2025-04-03,16:21:05,-07:00,2025-04-03T16:21:05-07:00,0,5
index.html,4,html,ea657f95,ritvikchand1,2025-04-03,16:21:05,-07:00,2025-04-03T16:21:05-07:00,0,21
index.html,5,html,ea657f95,ritvikchand1,2025-04-03,16:21:05,-07:00,2025-04-03T16:21:05-07:00,0,69
index.html,6,html,ea657f95,ritvikchand1,2025-04-03,16:21:05,-07:00,2025-04-03T16:21:05-07:00,0,55
index.html,7,html,8a33843d,ritvikchand1,2025-04-04,19:27:21,-07:00,2025-04-04T19:27:21-07:00,0,39
index.html,8,html,0a8bf3bd,ritvikchand1,2025-04-26,22:00:39,-07:00,2025-04-26T22:00:39-07:00,0,46
index.html,9,html,ea657f95,ritvikchand1,2025-04-03,16:21:05,-07:00,2025-04-03T16:21:05-07:00,0,6
index.html,10,html,ea657f95,ritvikchand1,2025-04-03,16:21:05,-07:00,2025-04-03T16:21:05-07:00,0,5
index.html,11,html,ea657f95,ritvikchand1,2025-04-03,16:21:05,-07:00,2025-04-03T16:21:05-07:00,0,20
index.html,12,html,0a8bf3bd,ritvikchand1,2025-04-26,22:00:39,-07:00,2025-04-26T22:00:39-07:00,0,414
index.html,13,html,8a33843d,ritvikchand1,2025-04-04,19:27:21,-07:00,2025-04-04T19:27:21-07:00,0,60
index.html,14,html,0a8bf3bd,ritvikchand1,2025-04-26,22:00:39,-07:00,2025-04-26T22:00:39-07:00,0,51
index.html,15,html,0a8bf3bd,ritvikchand1,2025-04-26,22:00:39,-07:00,2025-04-26T22:00:39-07:00,0,23
index.html,16,html,0a8bf3bd,ritvikchand1,2025-04-26,22:00:39,-07:00,2025-04-26T22:00:39-07:00,0,21
index.html,17,html,0a8bf3bd,ritvikchand1,2025-04-26,22:00:39,-07:00,2025-04-26T22:00:39-07:00,0,50
index.html,18,html,0a8bf3bd,ritvikchand1,2025-04-26,22:00:39,-07:00,2025-04-26T22:00:39-07:00,0,5
index.html,19,html,0a8bf3bd,ritvikchand1,2025-04-26,22:00:39,-07:00,2025-04-26T22:00:39-07:00,0,8
index.html,20,html,0a8bf3bd,ritvikchand1,2025-04-26,22:00:39,-07:00,2025-04-26T22:00:39-07:00,0,23
index.html,21,html,0a8bf3bd,ritvikchand1,2025-04-26,22:00:39,-07:00,2025-04-26T22:00:39-07:00,0,29
index.html,22,html,0a8bf3bd,ritvikchand1,2025-04-26,22:00:39,-07:00,2025-04-26T22:00:39-07:00,0,9
index.html,23,html,ea657f95,ritvikchand1,2025-04-03,16:21:05,-07:00,2025-04-03T16:21:05-07:00,0,6
index.html,24,html,ea657f95,ritvikchand1,2025-04-03,16:21:05,-07:00,2025-04-03T16:21:05-07:00,0,6
global.js,1,js,f41f1311,ritvikchand1,2025-04-19,18:37:16,-07:00,2025-04-19T18:37:16-07:00,0,25
global.js,2,js,f41f1311,ritvikchand1,2025-04-19,18:37:16,-07:00,2025-04-19T18:37:16-07:00,0,0
global.js,3,js,f41f1311,ritvikchand1,2025-04-19,18:37:16,-07:00,2025-04-19T18:37:16-07:00,0,45
global.js,4,js,f41f1311,ritvikchand1,2025-04-19,18:37:16,-07:00,2025-04-19T18:37:16-07:00,0,58
global.js,5,js,f41f1311,ritvikchand1,2025-04-19,18:37:16,-07:00,2025-04-19T18:37:16-07:00,0,3
global.js,6,js,f41f1311,ritvikchand1,2025-04-19,18:37:16,-07:00,2025-04-19T18:37:16-07:00,0,0
global.js,7,js,f41f1311,ritvikchand1,2025-04-19,18:37:16,-07:00,2025-04-19T18:37:16-07:00,0,29
global.js,8,js,f41f1311,ritvikchand1,2025-04-19,18:37:16,-07:00,2025-04-19T18:37:16-07:00,0,0
global.js,9,js,f41f1311,ritvikchand1,2025-04-19,18:37:16,-07:00,2025-04-19T18:37:16-07:00,0,34
global.js,10,js,f41f1311,ritvikchand1,2025-04-19,18:37:16,-07:00,2025-04-19T18:37:16-07:00,0,74
global.js,11,js,f41f1311,ritvikchand1,2025-04-19,18:37:16,-07:00,2025-04-19T18:37:16-07:00,0,4
global.js,12,js,f41f1311,ritvikchand1,2025-04-19,18:37:16,-07:00,2025-04-19T18:37:16-07:00,0,0
global.js,13,js,f41f1311,ritvikchand1,2025-04-19,18:37:16,-07:00,2025-04-19T18:37:16-07:00,0,40
global.js,14,js,f41f1311,ritvikchand1,2025-04-19,18:37:16,-07:00,2025-04-19T18:37:16-07:00,0,0
global.js,15,js,f41f1311,ritvikchand1,2025-04-19,18:37:16,-07:00,2025-04-19T18:37:16-07:00,0,0
global.js,16,js,f41f1311,ritvikchand1,2025-04-19,18:37:16,-07:00,2025-04-19T18:37:16-07:00,0,12
global.js,17,js,f41f1311,ritvikchand1,2025-04-19,18:37:16,-07:00,2025-04-19T18:37:16-07:00,0,26
global.js,18,js,f41f1311,ritvikchand1,2025-04-19,18:37:16,-07:00,2025-04-19T18:37:16-07:00,0,39
global.js,19,js,f41f1311,ritvikchand1,2025-04-19,18:37:16,-07:00,2025-04-19T18:37:16-07:00,0,37
global.js,20,js,00000000,Not Committed Yet,2025-05-10,16:50:02,-07:00,2025-05-10T16:50:02-07:00,0,30
global.js,21,js,f41f1311,ritvikchand1,2025-04-19,18:37:16,-07:00,2025-04-19T18:37:16-07:00,0,27
global.js,22,js,f41f1311,ritvikchand1,2025-04-19,18:37:16,-07:00,2025-04-19T18:37:16-07:00,0,59
global.js,23,js,f41f1311,ritvikchand1,2025-04-19,18:37:16,-07:00,2025-04-19T18:37:16-07:00,0,33
global.js,24,js,f41f1311,ritvikchand1,2025-04-19,18:37:16,-07:00,2025-04-19T18:37:16-07:00,0,1
global.js,25,js,f41f1311,ritvikchand1,2025-04-19,18:37:16,-07:00,2025-04-19T18:37:16-07:00,0,0
global.js,26,js,f41f1311,ritvikchand1,2025-04-19,18:37:16,-07:00,2025-04-19T18:37:16-07:00,0,89
global.js,27,js,f41f1311,ritvikchand1,2025-04-19,18:37:16,-07:00,2025-04-19T18:37:16-07:00,0,37
global.js,28,js,f41f1311,ritvikchand1,2025-04-19,18:37:16,-07:00,2025-04-19T18:37:16-07:00,0,49
global.js,29,js,f41f1311,ritvikchand1,2025-04-19,18:37:16,-07:00,2025-04-19T18:37:16-07:00,0,0
global.js,30,js,f41f1311,ritvikchand1,2025-04-19,18:37:16,-07:00,2025-04-19T18:37:16-07:00,0,39
global.js,31,js,f41f1311,ritvikchand1,2025-04-19,18:37:16,-07:00,2025-04-19T18:37:16-07:00,0,26
global.js,32,js,f41f1311,ritvikchand1,2025-04-19,18:37:16,-07:00,2025-04-19T18:37:16-07:00,0,0
global.js,33,js,f41f1311,ritvikchand1,2025-04-19,18:37:16,-07:00,2025-04-19T18:37:16-07:00,0,21
global.js,34,js,f41f1311,ritvikchand1,2025-04-19,18:37:16,-07:00,2025-04-19T18:37:16-07:00,0,15
global.js,35,js,f41f1311,ritvikchand1,2025-04-19,18:37:16,-07:00,2025-04-19T18:37:16-07:00,0,19
global.js,36,js,f41f1311,ritvikchand1,2025-04-19,18:37:16,-07:00,2025-04-19T18:37:16-07:00,0,42
global.js,37,js,f41f1311,ritvikchand1,2025-04-19,18:37:16,-07:00,2025-04-19T18:37:16-07:00,0,29
global.js,38,js,f41f1311,ritvikchand1,2025-04-19,18:37:16,-07:00,2025-04-19T18:37:16-07:00,0,21
global.js,39,js,f41f1311,ritvikchand1,2025-04-19,18:37:16,-07:00,2025-04-19T18:37:16-07:00,0,0
global.js,40,js,f41f1311,ritvikchand1,2025-04-19,18:37:16,-07:00,2025-04-19T18:37:16-07:00,0,35
global.js,41,js,f41f1311,ritvikchand1,2025-04-19,18:37:16,-07:00,2025-04-19T18:37:16-07:00,0,12
global.js,42,js,f41f1311,ritvikchand1,2025-04-19,18:37:16,-07:00,2025-04-19T18:37:16-07:00,0,21
global.js,43,js,f41f1311,ritvikchand1,2025-04-19,18:37:16,-07:00,2025-04-19T18:37:16-07:00,0,66
global.js,44,js,f41f1311,ritvikchand1,2025-04-19,18:37:16,-07:00,2025-04-19T18:37:16-07:00,0,26
global.js,45,js,f41f1311,ritvikchand1,2025-04-19,18:37:16,-07:00,2025-04-19T18:37:16-07:00,0,0
global.js,46,js,f41f1311,ritvikchand1,2025-04-19,18:37:16,-07:00,2025-04-19T18:37:16-07:00,0,30
global.js,47,js,f41f1311,ritvikchand1,2025-04-19,18:37:16,-07:00,2025-04-19T18:37:16-07:00,0,19
global.js,48,js,f41f1311,ritvikchand1,2025-04-19,18:37:16,-07:00,2025-04-19T18:37:16-07:00,0,0
global.js,49,js,f41f1311,ritvikchand1,2025-04-19,18:37:16,-07:00,2025-04-19T18:37:16-07:00,0,13
global.js,50,js,f41f1311,ritvikchand1,2025-04-19,18:37:16,-07:00,2025-04-19T18:37:16-07:00,0,0
global.js,51,js,f41f1311,ritvikchand1,2025-04-19,18:37:16,-07:00,2025-04-19T18:37:16-07:00,0,0
global.js,52,js,f41f1311,ritvikchand1,2025-04-19,18:37:16,-07:00,2025-04-19T18:37:16-07:00,0,32
global.js,53,js,f41f1311,ritvikchand1,2025-04-19,18:37:16,-07:00,2025-04-19T18:37:16-07:00,0,12
global.js,54,js,f41f1311,ritvikchand1,2025-04-19,18:37:16,-07:00,2025-04-19T18:37:16-07:00,0,0
global.js,55,js,f41f1311,ritvikchand1,2025-04-19,18:37:16,-07:00,2025-04-19T18:37:16-07:00,0,27
global.js,56,js,f41f1311,ritvikchand1,2025-04-19,18:37:16,-07:00,2025-04-19T18:37:16-07:00,0,5
global.js,57,js,f41f1311,ritvikchand1,2025-04-19,18:37:16,-07:00,2025-04-19T18:37:16-07:00,0,7
global.js,58,js,f41f1311,ritvikchand1,2025-04-19,18:37:16,-07:00,2025-04-19T18:37:16-07:00,0,38
global.js,59,js,f41f1311,ritvikchand1,2025-04-19,18:37:16,-07:00,2025-04-19T18:37:16-07:00,0,35
global.js,60,js,f41f1311,ritvikchand1,2025-04-19,18:37:16,-07:00,2025-04-19T18:37:16-07:00,0,33
global.js,61,js,f41f1311,ritvikchand1,2025-04-19,18:37:16,-07:00,2025-04-19T18:37:16-07:00,0,8
global.js,62,js,f41f1311,ritvikchand1,2025-04-19,18:37:16,-07:00,2025-04-19T18:37:16-07:00,0,9
global.js,63,js,f41f1311,ritvikchand1,2025-04-19,18:37:16,-07:00,2025-04-19T18:37:16-07:00,0,1
global.js,64,js,f41f1311,ritvikchand1,2025-04-19,18:37:16,-07:00,2025-04-19T18:37:16-07:00,0,0
global.js,65,js,f41f1311,ritvikchand1,2025-04-19,18:37:16,-07:00,2025-04-19T18:37:16-07:00,0,47
global.js,66,js,f41f1311,ritvikchand1,2025-04-19,18:37:16,-07:00,2025-04-19T18:37:16-07:00,0,0
global.js,67,js,f41f1311,ritvikchand1,2025-04-19,18:37:16,-07:00,2025-04-19T18:37:16-07:00,0,35
global.js,68,js,f41f1311,ritvikchand1,2025-04-19,18:37:16,-07:00,2025-04-19T18:37:16-07:00,0,84
global.js,69,js,f41f1311,ritvikchand1,2025-04-19,18:37:16,-07:00,2025-04-19T18:37:16-07:00,0,39
global.js,70,js,f41f1311,ritvikchand1,2025-04-19,18:37:16,-07:00,2025-04-19T18:37:16-07:00,0,0
global.js,71,js,f41f1311,ritvikchand1,2025-04-19,18:37:16,-07:00,2025-04-19T18:37:16-07:00,0,50
global.js,72,js,f41f1311,ritvikchand1,2025-04-19,18:37:16,-07:00,2025-04-19T18:37:16-07:00,0,58
global.js,73,js,f41f1311,ritvikchand1,2025-04-19,18:37:16,-07:00,2025-04-19T18:37:16-07:00,0,78
global.js,74,js,f41f1311,ritvikchand1,2025-04-19,18:37:16,-07:00,2025-04-19T18:37:16-07:00,0,45
global.js,75,js,0a8bf3bd,ritvikchand1,2025-04-26,22:00:39,-07:00,2025-04-26T22:00:39-07:00,0,2
global.js,76,js,0a8bf3bd,ritvikchand1,2025-04-26,22:00:39,-07:00,2025-04-26T22:00:39-07:00,0,0
global.js,77,js,0a8bf3bd,ritvikchand1,2025-04-26,22:00:39,-07:00,2025-04-26T22:00:39-07:00,0,37
global.js,78,js,0a8bf3bd,ritvikchand1,2025-04-26,22:00:39,-07:00,2025-04-26T22:00:39-07:00,0,4
global.js,79,js,0a8bf3bd,ritvikchand1,2025-04-26,22:00:39,-07:00,2025-04-26T22:00:39-07:00,0,40
global.js,80,js,0a8bf3bd,ritvikchand1,2025-04-26,22:00:39,-07:00,2025-04-26T22:00:39-07:00,0,33
global.js,81,js,0a8bf3bd,ritvikchand1,2025-04-26,22:00:39,-07:00,2025-04-26T22:00:39-07:00,0,18
global.js,82,js,0a8bf3bd,ritvikchand1,2025-04-26,22:00:39,-07:00,2025-04-26T22:00:39-07:00,0,67
global.js,83,js,0a8bf3bd,ritvikchand1,2025-04-26,22:00:39,-07:00,2025-04-26T22:00:39-07:00,0,0
global.js,84,js,0a8bf3bd,ritvikchand1,2025-04-26,22:00:39,-07:00,2025-04-26T22:00:39-07:00,0,21
global.js,85,js,0a8bf3bd,ritvikchand1,2025-04-26,22:00:39,-07:00,2025-04-26T22:00:39-07:00,0,34
global.js,86,js,0a8bf3bd,ritvikchand1,2025-04-26,22:00:39,-07:00,2025-04-26T22:00:39-07:00,0,11
global.js,87,js,0a8bf3bd,ritvikchand1,2025-04-26,22:00:39,-07:00,2025-04-26T22:00:39-07:00,0,0
global.js,88,js,0a8bf3bd,ritvikchand1,2025-04-26,22:00:39,-07:00,2025-04-26T22:00:39-07:00,0,14
global.js,89,js,0a8bf3bd,ritvikchand1,2025-04-26,22:00:39,-07:00,2025-04-26T22:00:39-07:00,0,60
global.js,90,js,0a8bf3bd,ritvikchand1,2025-04-26,22:00:39,-07:00,2025-04-26T22:00:39-07:00,0,0
global.js,91,js,0a8bf3bd,ritvikchand1,2025-04-26,22:00:39,-07:00,2025-04-26T22:00:39-07:00,0,0
global.js,92,js,0a8bf3bd,ritvikchand1,2025-04-26,22:00:39,-07:00,2025-04-26T22:00:39-07:00,0,0
global.js,93,js,0a8bf3bd,ritvikchand1,2025-04-26,22:00:39,-07:00,2025-04-26T22:00:39-07:00,0,80
global.js,94,js,0a8bf3bd,ritvikchand1,2025-04-26,22:00:39,-07:00,2025-04-26T22:00:39-07:00,0,24
global.js,95,js,0a8bf3bd,ritvikchand1,2025-04-26,22:00:39,-07:00,2025-04-26T22:00:39-07:00,0,31
global.js,96,js,0a8bf3bd,ritvikchand1,2025-04-26,22:00:39,-07:00,2025-04-26T22:00:39-07:00,0,28
global.js,97,js,0a8bf3bd,ritvikchand1,2025-04-26,22:00:39,-07:00,2025-04-26T22:00:39-07:00,0,49
global.js,98,js,0a8bf3bd,ritvikchand1,2025-04-26,22:00:39,-07:00,2025-04-26T22:00:39-07:00,0,20
global.js,99,js,0a8bf3bd,ritvikchand1,2025-04-26,22:00:39,-07:00,2025-04-26T22:00:39-07:00,0,50
global.js,100,js,0a8bf3bd,ritvikchand1,2025-04-26,22:00:39,-07:00,2025-04-26T22:00:39-07:00,0,50
global.js,101,js,0a8bf3bd,ritvikchand1,2025-04-26,22:00:39,-07:00,2025-04-26T22:00:39-07:00,0,28
global.js,102,js,2837ba79,ritvikchand1,2025-05-03,22:03:16,-07:00,2025-05-03T22:03:16-07:00,0,27
global.js,103,js,2837ba79,ritvikchand1,2025-05-03,22:03:16,-07:00,2025-05-03T22:03:16-07:00,0,46
global.js,104,js,2837ba79,ritvikchand1,2025-05-03,22:03:16,-07:00,2025-05-03T22:03:16-07:00,0,5
global.js,105,js,0a8bf3bd,ritvikchand1,2025-04-26,22:00:39,-07:00,2025-04-26T22:00:39-07:00,0,1
global.js,106,js,0a8bf3bd,ritvikchand1,2025-04-26,22:00:39,-07:00,2025-04-26T22:00:39-07:00,0,37
global.js,107,js,0a8bf3bd,ritvikchand1,2025-04-26,22:00:39,-07:00,2025-04-26T22:00:39-07:00,0,2
global.js,108,js,0a8bf3bd,ritvikchand1,2025-04-26,22:00:39,-07:00,2025-04-26T22:00:39-07:00,0,0
global.js,109,js,0a8bf3bd,ritvikchand1,2025-04-26,22:00:39,-07:00,2025-04-26T22:00:39-07:00,0,0
global.js,110,js,0a8bf3bd,ritvikchand1,2025-04-26,22:00:39,-07:00,2025-04-26T22:00:39-07:00,0,0
global.js,111,js,0a8bf3bd,ritvikchand1,2025-04-26,22:00:39,-07:00,2025-04-26T22:00:39-07:00,0,48
global.js,112,js,0a8bf3bd,ritvikchand1,2025-04-26,22:00:39,-07:00,2025-04-26T22:00:39-07:00,0,60
global.js,113,js,0a8bf3bd,ritvikchand1,2025-04-26,22:00:39,-07:00,2025-04-26T22:00:39-07:00,0,0
projects/projects.js,1,js,0a8bf3bd,ritvikchand1,2025-04-26,22:00:39,-07:00,2025-04-26T22:00:39-07:00,0,56
projects/projects.js,2,js,2837ba79,ritvikchand1,2025-05-03,22:03:16,-07:00,2025-05-03T22:03:16-07:00,0,64
projects/projects.js,3,js,2837ba79,ritvikchand1,2025-05-03,22:03:16,-07:00,2025-05-03T22:03:16-07:00,0,0
projects/projects.js,4,js,0a8bf3bd,ritvikchand1,2025-04-26,22:00:39,-07:00,2025-04-26T22:00:39-07:00,0,56
projects/projects.js,5,js,2837ba79,ritvikchand1,2025-05-03,22:03:16,-07:00,2025-05-03T22:03:16-07:00,0,0
projects/projects.js,6,js,0a8bf3bd,ritvikchand1,2025-04-26,22:00:39,-07:00,2025-04-26T22:00:39-07:00,0,54
projects/projects.js,7,js,0a8bf3bd,ritvikchand1,2025-04-26,22:00:39,-07:00,2025-04-26T22:00:39-07:00,0,10
projects/projects.js,8,js,0a8bf3bd,ritvikchand1,2025-04-26,22:00:39,-07:00,2025-04-26T22:00:39-07:00,0,48
projects/projects.js,9,js,0a8bf3bd,ritvikchand1,2025-04-26,22:00:39,-07:00,2025-04-26T22:00:39-07:00,0,0
projects/projects.js,10,js,2837ba79,ritvikchand1,2025-05-03,22:03:16,-07:00,2025-05-03T22:03:16-07:00,0,0
projects/projects.js,11,js,0a8bf3bd,ritvikchand1,2025-04-26,22:00:39,-07:00,2025-04-26T22:00:39-07:00,0,61
projects/projects.js,12,js,0a8bf3bd,ritvikchand1,2025-04-26,22:00:39,-07:00,2025-04-26T22:00:39-07:00,0,49
projects/projects.js,13,js,2837ba79,ritvikchand1,2025-05-03,22:03:16,-07:00,2025-05-03T22:03:16-07:00,0,0
projects/projects.js,14,js,2837ba79,ritvikchand1,2025-05-03,22:03:16,-07:00,2025-05-03T22:03:16-07:00,0,22
projects/projects.js,15,js,2837ba79,ritvikchand1,2025-05-03,22:03:16,-07:00,2025-05-03T22:03:16-07:00,0,14
projects/projects.js,16,js,2837ba79,ritvikchand1,2025-05-03,22:03:16,-07:00,2025-05-03T22:03:16-07:00,0,0
projects/projects.js,17,js,2837ba79,ritvikchand1,2025-05-03,22:03:16,-07:00,2025-05-03T22:03:16-07:00,0,50
projects/projects.js,18,js,2837ba79,ritvikchand1,2025-05-03,22:03:16,-07:00,2025-05-03T22:03:16-07:00,0,35
projects/projects.js,19,js,2837ba79,ritvikchand1,2025-05-03,22:03:16,-07:00,2025-05-03T22:03:16-07:00,0,0
projects/projects.js,20,js,2837ba79,ritvikchand1,2025-05-03,22:03:16,-07:00,2025-05-03T22:03:16-07:00,0,44
projects/projects.js,21,js,2837ba79,ritvikchand1,2025-05-03,22:03:16,-07:00,2025-05-03T22:03:16-07:00,0,60
projects/projects.js,22,js,2837ba79,ritvikchand1,2025-05-03,22:03:16,-07:00,2025-05-03T22:03:16-07:00,0,43
projects/projects.js,23,js,2837ba79,ritvikchand1,2025-05-03,22:03:16,-07:00,2025-05-03T22:03:16-07:00,0,2
projects/projects.js,24,js,2837ba79,ritvikchand1,2025-05-03,22:03:16,-07:00,2025-05-03T22:03:16-07:00,0,0
projects/projects.js,25,js,2837ba79,ritvikchand1,2025-05-03,22:03:16,-07:00,2025-05-03T22:03:16-07:00,0,0
projects/projects.js,26,js,2837ba79,ritvikchand1,2025-05-03,22:03:16,-07:00,2025-05-03T22:03:16-07:00,0,39
projects/projects.js,27,js,2837ba79,ritvikchand1,2025-05-03,22:03:16,-07:00,2025-05-03T22:03:16-07:00,0,40
projects/projects.js,28,js,2837ba79,ritvikchand1,2025-05-03,22:03:16,-07:00,2025-05-03T22:03:16-07:00,0,33
projects/projects.js,29,js,2837ba79,ritvikchand1,2025-05-03,22:03:16,-07:00,2025-05-03T22:03:16-07:00,0,0
projects/projects.js,30,js,2837ba79,ritvikchand1,2025-05-03,22:03:16,-07:00,2025-05-03T22:03:16-07:00,0,44
projects/projects.js,31,js,2837ba79,ritvikchand1,2025-05-03,22:03:16,-07:00,2025-05-03T22:03:16-07:00,0,0
projects/projects.js,32,js,2837ba79,ritvikchand1,2025-05-03,22:03:16,-07:00,2025-05-03T22:03:16-07:00,0,30
projects/projects.js,33,js,2837ba79,ritvikchand1,2025-05-03,22:03:16,-07:00,2025-05-03T22:03:16-07:00,0,13
projects/projects.js,34,js,2837ba79,ritvikchand1,2025-05-03,22:03:16,-07:00,2025-05-03T22:03:16-07:00,0,15
projects/projects.js,35,js,2837ba79,ritvikchand1,2025-05-03,22:03:16,-07:00,2025-05-03T22:03:16-07:00,0,13
projects/projects.js,36,js,2837ba79,ritvikchand1,2025-05-03,22:03:16,-07:00,2025-05-03T22:03:16-07:00,0,1
projects/projects.js,37,js,2837ba79,ritvikchand1,2025-05-03,22:03:16,-07:00,2025-05-03T22:03:16-07:00,0,0
projects/projects.js,38,js,2837ba79,ritvikchand1,2025-05-03,22:03:16,-07:00,2025-05-03T22:03:16-07:00,0,51
projects/projects.js,39,js,2837ba79,ritvikchand1,2025-05-03,22:03:16,-07:00,2025-05-03T22:03:16-07:00,0,36
projects/projects.js,40,js,2837ba79,ritvikchand1,2025-05-03,22:03:16,-07:00,2025-05-03T22:03:16-07:00,0,2
projects/projects.js,41,js,2837ba79,ritvikchand1,2025-05-03,22:03:16,-07:00,2025-05-03T22:03:16-07:00,0,0
projects/projects.js,42,js,2837ba79,ritvikchand1,2025-05-03,22:03:16,-07:00,2025-05-03T22:03:16-07:00,0,61
projects/projects.js,43,js,2837ba79,ritvikchand1,2025-05-03,22:03:16,-07:00,2025-05-03T22:03:16-07:00,0,54
projects/projects.js,44,js,2837ba79,ritvikchand1,2025-05-03,22:03:16,-07:00,2025-05-03T22:03:16-07:00,0,43
projects/projects.js,45,js,2837ba79,ritvikchand1,2025-05-03,22:03:16,-07:00,2025-05-03T22:03:16-07:00,0,55
projects/projects.js,46,js,2837ba79,ritvikchand1,2025-05-03,22:03:16,-07:00,2025-05-03T22:03:16-07:00,0,51
projects/projects.js,47,js,2837ba79,ritvikchand1,2025-05-03,22:03:16,-07:00,2025-05-03T22:03:16-07:00,0,0
projects/projects.js,48,js,2837ba79,ritvikchand1,2025-05-03,22:03:16,-07:00,2025-05-03T22:03:16-07:00,0,30
projects/projects.js,49,js,2837ba79,ritvikchand1,2025-05-03,22:03:16,-07:00,2025-05-03T22:03:16-07:00,0,5
projects/projects.js,50,js,2837ba79,ritvikchand1,2025-05-03,22:03:16,-07:00,2025-05-03T22:03:16-07:00,0,14
projects/projects.js,51,js,2837ba79,ritvikchand1,2025-05-03,22:03:16,-07:00,2025-05-03T22:03:16-07:00,0,14
projects/projects.js,52,js,2837ba79,ritvikchand1,2025-05-03,22:03:16,-07:00,2025-05-03T22:03:16-07:00,0,28
projects/projects.js,53,js,2837ba79,ritvikchand1,2025-05-03,22:03:16,-07:00,2025-05-03T22:03:16-07:00,0,23
projects/projects.js,54,js,2837ba79,ritvikchand1,2025-05-03,22:03:16,-07:00,2025-05-03T22:03:16-07:00,0,23
projects/projects.js,55,js,2837ba79,ritvikchand1,2025-05-03,22:03:16,-07:00,2025-05-03T22:03:16-07:00,0,54
projects/projects.js,56,js,2837ba79,ritvikchand1,2025-05-03,22:03:16,-07:00,2025-05-03T22:03:16-07:00,0,19
projects/projects.js,57,js,2837ba79,ritvikchand1,2025-05-03,22:03:16,-07:00,2025-05-03T22:03:16-07:00,0,48
projects/projects.js,58,js,2837ba79,ritvikchand1,2025-05-03,22:03:16,-07:00,2025-05-03T22:03:16-07:00,0,0
projects/projects.js,59,js,2837ba79,ritvikchand1,2025-05-03,22:03:16,-07:00,2025-05-03T22:03:16-07:00,0,5
projects/projects.js,60,js,2837ba79,ritvikchand1,2025-05-03,22:03:16,-07:00,2025-05-03T22:03:16-07:00,0,17
projects/projects.js,61,js,2837ba79,ritvikchand1,2025-05-03,22:03:16,-07:00,2025-05-03T22:03:16-07:00,0,63
projects/projects.js,62,js,2837ba79,ritvikchand1,2025-05-03,22:03:16,-07:00,2025-05-03T22:03:16-07:00,0,0
projects/projects.js,63,js,2837ba79,ritvikchand1,2025-05-03,22:03:16,-07:00,2025-05-03T22:03:16-07:00,0,19
projects/projects.js,64,js,2837ba79,ritvikchand1,2025-05-03,22:03:16,-07:00,2025-05-03T22:03:16-07:00,0,15
projects/projects.js,65,js,2837ba79,ritvikchand1,2025-05-03,22:03:16,-07:00,2025-05-03T22:03:16-07:00,0,25
projects/projects.js,66,js,2837ba79,ritvikchand1,2025-05-03,22:03:16,-07:00,2025-05-03T22:03:16-07:00,0,29
projects/projects.js,67,js,2837ba79,ritvikchand1,2025-05-03,22:03:16,-07:00,2025-05-03T22:03:16-07:00,0,64
projects/projects.js,68,js,2837ba79,ritvikchand1,2025-05-03,22:03:16,-07:00,2025-05-03T22:03:16-07:00,0,2
projects/projects.js,69,js,2837ba79,ritvikchand1,2025-05-03,22:03:16,-07:00,2025-05-03T22:03:16-07:00,0,0
projects/projects.js,70,js,2837ba79,ritvikchand1,2025-05-03,22:03:16,-07:00,2025-05-03T22:03:16-07:00,0,31
projects/projects.js,71,js,2837ba79,ritvikchand1,2025-05-03,22:03:16,-07:00,2025-05-03T22:03:16-07:00,0,0
projects/projects.js,72,js,2837ba79,ritvikchand1,2025-05-03,22:03:16,-07:00,2025-05-03T22:03:16-07:00,0,26
projects/projects.js,73,js,2837ba79,ritvikchand1,2025-05-03,22:03:16,-07:00,2025-05-03T22:03:16-07:00,0,47
projects/projects.js,74,js,2837ba79,ritvikchand1,2025-05-03,22:03:16,-07:00,2025-05-03T22:03:16-07:00,0,52
projects/projects.js,75,js,2837ba79,ritvikchand1,2025-05-03,22:03:16,-07:00,2025-05-03T22:03:16-07:00,0,30
projects/projects.js,76,js,2837ba79,ritvikchand1,2025-05-03,22:03:16,-07:00,2025-05-03T22:03:16-07:00,0,41
projects/projects.js,77,js,2837ba79,ritvikchand1,2025-05-03,22:03:16,-07:00,2025-05-03T22:03:16-07:00,0,39
projects/projects.js,78,js,2837ba79,ritvikchand1,2025-05-03,22:03:16,-07:00,2025-05-03T22:03:16-07:00,0,1
projects/projects.js,79,js,2837ba79,ritvikchand1,2025-05-03,22:03:16,-07:00,2025-05-03T22:03:16-07:00,0,0
projects/projects.js,80,js,2837ba79,ritvikchand1,2025-05-03,22:03:16,-07:00,2025-05-03T22:03:16-07:00,0,0
projects/projects.js,81,js,2837ba79,ritvikchand1,2025-05-03,22:03:16,-07:00,2025-05-03T22:03:16-07:00,0,11
projects/projects.js,82,js,2837ba79,ritvikchand1,2025-05-03,22:03:16,-07:00,2025-05-03T22:03:16-07:00,0,59
projects/projects.js,83,js,2837ba79,ritvikchand1,2025-05-03,22:03:16,-07:00,2025-05-03T22:03:16-07:00,0,0
projects/projects.js,84,js,2837ba79,ritvikchand1,2025-05-03,22:03:16,-07:00,2025-05-03T22:03:16-07:00,0,0
projects/projects.js,85,js,2837ba79,ritvikchand1,2025-05-03,22:03:16,-07:00,2025-05-03T22:03:16-07:00,0,57
projects/projects.js,86,js,2837ba79,ritvikchand1,2025-05-03,22:03:16,-07:00,2025-05-03T22:03:16-07:00,0,29
projects/projects.js,87,js,2837ba79,ritvikchand1,2025-05-03,22:03:16,-07:00,2025-05-03T22:03:16-07:00,0,2
projects/projects.js,88,js,2837ba79,ritvikchand1,2025-05-03,22:03:16,-07:00,2025-05-03T22:03:16-07:00,0,2
projects/projects.js,89,js,2837ba79,ritvikchand1,2025-05-03,22:03:16,-07:00,2025-05-03T22:03:16-07:00,0,0
projects/projects.js,90,js,2837ba79,ritvikchand1,2025-05-03,22:03:16,-07:00,2025-05-03T22:03:16-07:00,0,33
projects/projects.js,91,js,2837ba79,ritvikchand1,2025-05-03,22:03:16,-07:00,2025-05-03T22:03:16-07:00,0,28
projects/projects.js,92,js,2837ba79,ritvikchand1,2025-05-03,22:03:16,-07:00,2025-05-03T22:03:16-07:00,0,5
projects/projects.js,93,js,2837ba79,ritvikchand1,2025-05-03,22:03:16,-07:00,2025-05-03T22:03:16-07:00,0,12
projects/projects.js,94,js,2837ba79,ritvikchand1,2025-05-03,22:03:16,-07:00,2025-05-03T22:03:16-07:00,0,71
projects/projects.js,95,js,2837ba79,ritvikchand1,2025-05-03,22:03:16,-07:00,2025-05-03T22:03:16-07:00,0,42
projects/projects.js,96,js,2837ba79,ritvikchand1,2025-05-03,22:03:16,-07:00,2025-05-03T22:03:16-07:00,0,69
projects/projects.js,97,js,2837ba79,ritvikchand1,2025-05-03,22:03:16,-07:00,2025-05-03T22:03:16-07:00,0,19
projects/projects.js,98,js,2837ba79,ritvikchand1,2025-05-03,22:03:16,-07:00,2025-05-03T22:03:16-07:00,0,48
projects/projects.js,99,js,2837ba79,ritvikchand1,2025-05-03,22:03:16,-07:00,2025-05-03T22:03:16-07:00,0,0
projects/projects.js,100,js,2837ba79,ritvikchand1,2025-05-03,22:03:16,-07:00,2025-05-03T22:03:16-07:00,0,5
projects/projects.js,101,js,2837ba79,ritvikchand1,2025-05-03,22:03:16,-07:00,2025-05-03T22:03:16-07:00,0,17
projects/projects.js,102,js,2837ba79,ritvikchand1,2025-05-03,22:03:16,-07:00,2025-05-03T22:03:16-07:00,0,63
projects/projects.js,103,js,2837ba79,ritvikchand1,2025-05-03,22:03:16,-07:00,2025-05-03T22:03:16-07:00,0,0
projects/projects.js,104,js,2837ba79,ritvikchand1,2025-05-03,22:03:16,-07:00,2025-05-03T22:03:16-07:00,0,5
projects/projects.js,105,js,2837ba79,ritvikchand1,2025-05-03,22:03:16,-07:00,2025-05-03T22:03:16-07:00,0,15
projects/projects.js,106,js,2837ba79,ritvikchand1,2025-05-03,22:03:16,-07:00,2025-05-03T22:03:16-07:00,0,25
projects/projects.js,107,js,2837ba79,ritvikchand1,2025-05-03,22:03:16,-07:00,2025-05-03T22:03:16-07:00,0,29
projects/projects.js,108,js,2837ba79,ritvikchand1,2025-05-03,22:03:16,-07:00,2025-05-03T22:03:16-07:00,0,64
projects/projects.js,109,js,2837ba79,ritvikchand1,2025-05-03,22:03:16,-07:00,2025-05-03T22:03:16-07:00,0,2
projects/projects.js,110,js,2837ba79,ritvikchand1,2025-05-03,22:03:16,-07:00,2025-05-03T22:03:16-07:00,0,0
projects/projects.js,111,js,2837ba79,ritvikchand1,2025-05-03,22:03:16,-07:00,2025-05-03T22:03:16-07:00,0,31
projects/projects.js,112,js,2837ba79,ritvikchand1,2025-05-03,22:03:16,-07:00,2025-05-03T22:03:16-07:00,0,0
projects/projects.js,113,js,2837ba79,ritvikchand1,2025-05-03,22:03:16,-07:00,2025-05-03T22:03:16-07:00,0,26
projects/projects.js,114,js,2837ba79,ritvikchand1,2025-05-03,22:03:16,-07:00,2025-05-03T22:03:16-07:00,0,47
projects/projects.js,115,js,2837ba79,ritvikchand1,2025-05-03,22:03:16,-07:00,2025-05-03T22:03:16-07:00,0,52
projects/projects.js,116,js,2837ba79,ritvikchand1,2025-05-03,22:03:16,-07:00,2025-05-03T22:03:16-07:00,0,30
projects/projects.js,117,js,2837ba79,ritvikchand1,2025-05-03,22:03:16,-07:00,2025-05-03T22:03:16-07:00,0,41
projects/projects.js,118,js,2837ba79,ritvikchand1,2025-05-03,22:03:16,-07:00,2025-05-03T22:03:16-07:00,0,39
projects/projects.js,119,js,2837ba79,ritvikchand1,2025-05-03,22:03:16,-07:00,2025-05-03T22:03:16-07:00,0,1
projects/projects.js,120,js,2837ba79,ritvikchand1,2025-05-03,22:03:16,-07:00,2025-05-03T22:03:16-07:00,0,0
projects/projects.js,121,js,2837ba79,ritvikchand1,2025-05-03,22:03:16,-07:00,2025-05-03T22:03:16-07:00,0,0
projects/projects.js,122,js,2837ba79,ritvikchand1,2025-05-03,22:03:16,-07:00,2025-05-03T22:03:16-07:00,0,11
projects/projects.js,123,js,2837ba79,ritvikchand1,2025-05-03,22:03:16,-07:00,2025-05-03T22:03:16-07:00,0,59
projects/projects.js,124,js,2837ba79,ritvikchand1,2025-05-03,22:03:16,-07:00,2025-05-03T22:03:16-07:00,0,0
projects/projects.js,125,js,2837ba79,ritvikchand1,2025-05-03,22:03:16,-07:00,2025-05-03T22:03:16-07:00,0,0
projects/projects.js,126,js,2837ba79,ritvikchand1,2025-05-03,22:03:16,-07:00,2025-05-03T22:03:16-07:00,0,57
projects/projects.js,127,js,2837ba79,ritvikchand1,2025-05-03,22:03:16,-07:00,2025-05-03T22:03:16-07:00,0,29
projects/projects.js,128,js,2837ba79,ritvikchand1,2025-05-03,22:03:16,-07:00,2025-05-03T22:03:16-07:00,0,2
projects/projects.js,129,js,2837ba79,ritvikchand1,2025-05-03,22:03:16,-07:00,2025-05-03T22:03:16-07:00,0,2
projects/projects.js,130,js,2837ba79,ritvikchand1,2025-05-03,22:03:16,-07:00,2025-05-03T22:03:16-07:00,0,0
projects/projects.js,131,js,2837ba79,ritvikchand1,2025-05-03,22:03:16,-07:00,2025-05-03T22:03:16-07:00,0,0
projects/projects.js,132,js,2837ba79,ritvikchand1,2025-05-03,22:03:16,-07:00,2025-05-03T22:03:16-07:00,0,40
projects/projects.js,133,js,2837ba79,ritvikchand1,2025-05-03,22:03:16,-07:00,2025-05-03T22:03:16-07:00,0,54
projects/projects.js,134,js,2837ba79,ritvikchand1,2025-05-03,22:03:16,-07:00,2025-05-03T22:03:16-07:00,0,10
projects/projects.js,135,js,2837ba79,ritvikchand1,2025-05-03,22:03:16,-07:00,2025-05-03T22:03:16-07:00,0,57
projects/projects.js,136,js,2837ba79,ritvikchand1,2025-05-03,22:03:16,-07:00,2025-05-03T22:03:16-07:00,0,0
projects/projects.js,137,js,2837ba79,ritvikchand1,2025-05-03,22:03:16,-07:00,2025-05-03T22:03:16-07:00,0,0
projects/projects.js,138,js,2837ba79,ritvikchand1,2025-05-03,22:03:16,-07:00,2025-05-03T22:03:16-07:00,0,0
projects/projects.js,139,js,2837ba79,ritvikchand1,2025-05-03,22:03:16,-07:00,2025-05-03T22:03:16-07:00,0,24
projects/projects.js,140,js,2837ba79,ritvikchand1,2025-05-03,22:03:16,-07:00,2025-05-03T22:03:16-07:00,0,0
projects/projects.js,141,js,2837ba79,ritvikchand1,2025-05-03,22:03:16,-07:00,2025-05-03T22:03:16-07:00,0,54
projects/projects.js,142,js,2837ba79,ritvikchand1,2025-05-03,22:03:16,-07:00,2025-05-03T22:03:16-07:00,0,49
projects/projects.js,143,js,2837ba79,ritvikchand1,2025-05-03,22:03:16,-07:00,2025-05-03T22:03:16-07:00,0,26
projects/projects.js,144,js,2837ba79,ritvikchand1,2025-05-03,22:03:16,-07:00,2025-05-03T22:03:16-07:00,0,18
projects/projects.js,145,js,2837ba79,ritvikchand1,2025-05-03,22:03:16,-07:00,2025-05-03T22:03:16-07:00,0,0
projects/projects.js,146,js,2837ba79,ritvikchand1,2025-05-03,22:03:16,-07:00,2025-05-03T22:03:16-07:00,0,55
projects/projects.js,147,js,2837ba79,ritvikchand1,2025-05-03,22:03:16,-07:00,2025-05-03T22:03:16-07:00,0,57
projects/projects.js,148,js,2837ba79,ritvikchand1,2025-05-03,22:03:16,-07:00,2025-05-03T22:03:16-07:00,0,32
projects/projects.js,149,js,2837ba79,ritvikchand1,2025-05-03,22:03:16,-07:00,2025-05-03T22:03:16-07:00,0,29
projects/projects.js,150,js,2837ba79,ritvikchand1,2025-05-03,22:03:16,-07:00,2025-05-03T22:03:16-07:00,0,2
projects/index.html,1,html,8a33843d,ritvikchand1,2025-04-04,19:27:21,-07:00,2025-04-04T19:27:21-07:00,0,14
projects/index.html,2,html,8a33843d,ritvikchand1,2025-04-04,19:27:21,-07:00,2025-04-04T19:27:21-07:00,0,15
projects/index.html,3,html,8a33843d,ritvikchand1,2025-04-04,19:27:21,-07:00,2025-04-04T19:27:21-07:00,0,5
projects/index.html,4,html,8a33843d,ritvikchand1,2025-04-04,19:27:21,-07:00,2025-04-04T19:27:21-07:00,0,21
projects/index.html,5,html,8a33843d,ritvikchand1,2025-04-04,19:27:21,-07:00,2025-04-04T19:27:21-07:00,0,69
projects/index.html,6,html,8a33843d,ritvikchand1,2025-04-04,19:27:21,-07:00,2025-04-04T19:27:21-07:00,0,22
projects/index.html,7,html,1a6ed785,ritvikchand1,2025-04-11,21:27:20,-07:00,2025-04-11T21:27:20-07:00,0,42
projects/index.html,8,html,0a8bf3bd,ritvikchand1,2025-04-26,22:00:39,-07:00,2025-04-26T22:00:39-07:00,0,49
projects/index.html,9,html,8a33843d,ritvikchand1,2025-04-04,19:27:21,-07:00,2025-04-04T19:27:21-07:00,0,6
projects/index.html,10,html,8a33843d,ritvikchand1,2025-04-04,19:27:21,-07:00,2025-04-04T19:27:21-07:00,0,5
projects/index.html,11,html,0a8bf3bd,ritvikchand1,2025-04-26,22:00:39,-07:00,2025-04-26T22:00:39-07:00,0,39
projects/index.html,12,html,2837ba79,ritvikchand1,2025-05-03,22:03:16,-07:00,2025-05-03T22:03:16-07:00,0,22
projects/index.html,13,html,2837ba79,ritvikchand1,2025-05-03,22:03:16,-07:00,2025-05-03T22:03:16-07:00,0,55
projects/index.html,14,html,2837ba79,ritvikchand1,2025-05-03,22:03:16,-07:00,2025-05-03T22:03:16-07:00,0,23
projects/index.html,15,html,2837ba79,ritvikchand1,2025-05-03,22:03:16,-07:00,2025-05-03T22:03:16-07:00,0,5
projects/index.html,16,html,2837ba79,ritvikchand1,2025-05-03,22:03:16,-07:00,2025-05-03T22:03:16-07:00,0,5
projects/index.html,17,html,2837ba79,ritvikchand1,2025-05-03,22:03:16,-07:00,2025-05-03T22:03:16-07:00,0,16
projects/index.html,18,html,2837ba79,ritvikchand1,2025-05-03,22:03:16,-07:00,2025-05-03T22:03:16-07:00,0,12
projects/index.html,19,html,2837ba79,ritvikchand1,2025-05-03,22:03:16,-07:00,2025-05-03T22:03:16-07:00,0,27
projects/index.html,20,html,2837ba79,ritvikchand1,2025-05-03,22:03:16,-07:00,2025-05-03T22:03:16-07:00,0,32
projects/index.html,21,html,2837ba79,ritvikchand1,2025-05-03,22:03:16,-07:00,2025-05-03T22:03:16-07:00,0,1
projects/index.html,22,html,1a6ed785,ritvikchand1,2025-04-11,21:27:20,-07:00,2025-04-11T21:27:20-07:00,0,21
projects/index.html,23,html,0a8bf3bd,ritvikchand1,2025-04-26,22:00:39,-07:00,2025-04-26T22:00:39-07:00,0,49
projects/index.html,24,html,0a8bf3bd,ritvikchand1,2025-04-26,22:00:39,-07:00,2025-04-26T22:00:39-07:00,0,48
projects/index.html,25,html,1a6ed785,ritvikchand1,2025-04-11,21:27:20,-07:00,2025-04-11T21:27:20-07:00,0,5
projects/index.html,26,html,8a33843d,ritvikchand1,2025-04-04,19:27:21,-07:00,2025-04-04T19:27:21-07:00,0,6
projects/index.html,27,html,8a33843d,ritvikchand1,2025-04-04,19:27:21,-07:00,2025-04-04T19:27:21-07:00,0,6
cv/index.html,1,html,8a33843d,ritvikchand1,2025-04-04,19:27:21,-07:00,2025-04-04T19:27:21-07:00,0,14
cv/index.html,2,html,8a33843d,ritvikchand1,2025-04-04,19:27:21,-07:00,2025-04-04T19:27:21-07:00,0,15
cv/index.html,3,html,8a33843d,ritvikchand1,2025-04-04,19:27:21,-07:00,2025-04-04T19:27:21-07:00,0,5
cv/index.html,4,html,8a33843d,ritvikchand1,2025-04-04,19:27:21,-07:00,2025-04-04T19:27:21-07:00,0,21
cv/index.html,5,html,8a33843d,ritvikchand1,2025-04-04,19:27:21,-07:00,2025-04-04T19:27:21-07:00,0,69
cv/index.html,6,html,8a33843d,ritvikchand1,2025-04-04,19:27:21,-07:00,2025-04-04T19:27:21-07:00,0,23
cv/index.html,7,html,1a6ed785,ritvikchand1,2025-04-11,21:27:20,-07:00,2025-04-11T21:27:20-07:00,0,42
cv/index.html,8,html,8a33843d,ritvikchand1,2025-04-04,19:27:21,-07:00,2025-04-04T19:27:21-07:00,0,6
cv/index.html,9,html,1a6ed785,ritvikchand1,2025-04-11,21:27:20,-07:00,2025-04-11T21:27:20-07:00,0,16
cv/index.html,10,html,1a6ed785,ritvikchand1,2025-04-11,21:27:20,-07:00,2025-04-11T21:27:20-07:00,0,0
cv/index.html,11,html,1a6ed785,ritvikchand1,2025-04-11,21:27:20,-07:00,2025-04-11T21:27:20-07:00,0,22
cv/index.html,12,html,8a33843d,ritvikchand1,2025-04-04,19:27:21,-07:00,2025-04-04T19:27:21-07:00,0,20
cv/index.html,13,html,8a33843d,ritvikchand1,2025-04-04,19:27:21,-07:00,2025-04-04T19:27:21-07:00,0,40
cv/index.html,14,html,8a33843d,ritvikchand1,2025-04-04,19:27:21,-07:00,2025-04-04T19:27:21-07:00,0,28
cv/index.html,15,html,8a33843d,ritvikchand1,2025-04-04,19:27:21,-07:00,2025-04-04T19:27:21-07:00,0,8
cv/index.html,16,html,1a6ed785,ritvikchand1,2025-04-11,21:27:20,-07:00,2025-04-11T21:27:20-07:00,0,20
cv/index.html,17,html,1a6ed785,ritvikchand1,2025-04-11,21:27:20,-07:00,2025-04-11T21:27:20-07:00,0,0
cv/index.html,18,html,1a6ed785,ritvikchand1,2025-04-11,21:27:20,-07:00,2025-04-11T21:27:20-07:00,0,8
cv/index.html,19,html,1a6ed785,ritvikchand1,2025-04-11,21:27:20,-07:00,2025-04-11T21:27:20-07:00,0,7
cv/index.html,20,html,1a6ed785,ritvikchand1,2025-04-11,21:27:20,-07:00,2025-04-11T21:27:20-07:00,0,25
cv/index.html,21,html,1a6ed785,ritvikchand1,2025-04-11,21:27:20,-07:00,2025-04-11T21:27:20-07:00,0,8
cv/index.html,22,html,1a6ed785,ritvikchand1,2025-04-11,21:27:20,-07:00,2025-04-11T21:27:20-07:00,0,4
cv/index.html,23,html,1a6ed785,ritvikchand1,2025-04-11,21:27:20,-07:00,2025-04-11T21:27:20-07:00,0,8
cv/index.html,24,html,1a6ed785,ritvikchand1,2025-04-11,21:27:20,-07:00,2025-04-11T21:27:20-07:00,0,8
cv/index.html,25,html,1a6ed785,ritvikchand1,2025-04-11,21:27:20,-07:00,2025-04-11T21:27:20-07:00,0,26
cv/index.html,26,html,1a6ed785,ritvikchand1,2025-04-11,21:27:20,-07:00,2025-04-11T21:27:20-07:00,0,41
cv/index.html,27,html,1a6ed785,ritvikchand1,2025-04-11,21:27:20,-07:00,2025-04-11T21:27:20-07:00,0,82
cv/index.html,28,html,1a6ed785,ritvikchand1,2025-04-11,21:27:20,-07:00,2025-04-11T21:27:20-07:00,0,9
cv/index.html,29,html,1a6ed785,ritvikchand1,2025-04-11,21:27:20,-07:00,2025-04-11T21:27:20-07:00,0,9
cv/index.html,30,html,1a6ed785,ritvikchand1,2025-04-11,21:27:20,-07:00,2025-04-11T21:27:20-07:00,0,0
cv/index.html,31,html,1a6ed785,ritvikchand1,2025-04-11,21:27:20,-07:00,2025-04-11T21:27:20-07:00,0,8
cv/index.html,32,html,1a6ed785,ritvikchand1,2025-04-11,21:27:20,-07:00,2025-04-11T21:27:20-07:00,0,7
cv/index.html,33,html,1a6ed785,ritvikchand1,2025-04-11,21:27:20,-07:00,2025-04-11T21:27:20-07:00,0,25
cv/index.html,34,html,1a6ed785,ritvikchand1,2025-04-11,21:27:20,-07:00,2025-04-11T21:27:20-07:00,0,14
cv/index.html,35,html,1a6ed785,ritvikchand1,2025-04-11,21:27:20,-07:00,2025-04-11T21:27:20-07:00,0,4
cv/index.html,36,html,1a6ed785,ritvikchand1,2025-04-11,21:27:20,-07:00,2025-04-11T21:27:20-07:00,0,8
cv/index.html,37,html,1a6ed785,ritvikchand1,2025-04-11,21:27:20,-07:00,2025-04-11T21:27:20-07:00,0,8
cv/index.html,38,html,1a6ed785,ritvikchand1,2025-04-11,21:27:20,-07:00,2025-04-11T21:27:20-07:00,0,32
cv/index.html,39,html,1a6ed785,ritvikchand1,2025-04-11,21:27:20,-07:00,2025-04-11T21:27:20-07:00,0,10
cv/index.html,40,html,1a6ed785,ritvikchand1,2025-04-11,21:27:20,-07:00,2025-04-11T21:27:20-07:00,0,83
cv/index.html,41,html,1a6ed785,ritvikchand1,2025-04-11,21:27:20,-07:00,2025-04-11T21:27:20-07:00,0,3
cv/index.html,42,html,1a6ed785,ritvikchand1,2025-04-11,21:27:20,-07:00,2025-04-11T21:27:20-07:00,0,28
cv/index.html,43,html,1a6ed785,ritvikchand1,2025-04-11,21:27:20,-07:00,2025-04-11T21:27:20-07:00,0,4
cv/index.html,44,html,1a6ed785,ritvikchand1,2025-04-11,21:27:20,-07:00,2025-04-11T21:27:20-07:00,0,9
cv/index.html,45,html,1a6ed785,ritvikchand1,2025-04-11,21:27:20,-07:00,2025-04-11T21:27:20-07:00,0,8
cv/index.html,46,html,1a6ed785,ritvikchand1,2025-04-11,21:27:20,-07:00,2025-04-11T21:27:20-07:00,0,31
cv/index.html,47,html,1a6ed785,ritvikchand1,2025-04-11,21:27:20,-07:00,2025-04-11T21:27:20-07:00,0,20
cv/index.html,48,html,1a6ed785,ritvikchand1,2025-04-11,21:27:20,-07:00,2025-04-11T21:27:20-07:00,0,83
cv/index.html,49,html,1a6ed785,ritvikchand1,2025-04-11,21:27:20,-07:00,2025-04-11T21:27:20-07:00,0,3
cv/index.html,50,html,1a6ed785,ritvikchand1,2025-04-11,21:27:20,-07:00,2025-04-11T21:27:20-07:00,0,108
cv/index.html,51,html,1a6ed785,ritvikchand1,2025-04-11,21:27:20,-07:00,2025-04-11T21:27:20-07:00,0,58
cv/index.html,52,html,1a6ed785,ritvikchand1,2025-04-11,21:27:20,-07:00,2025-04-11T21:27:20-07:00,0,111
cv/index.html,53,html,1a6ed785,ritvikchand1,2025-04-11,21:27:20,-07:00,2025-04-11T21:27:20-07:00,0,70
cv/index.html,54,html,1a6ed785,ritvikchand1,2025-04-11,21:27:20,-07:00,2025-04-11T21:27:20-07:00,0,4
cv/index.html,55,html,1a6ed785,ritvikchand1,2025-04-11,21:27:20,-07:00,2025-04-11T21:27:20-07:00,0,9
cv/index.html,56,html,1a6ed785,ritvikchand1,2025-04-11,21:27:20,-07:00,2025-04-11T21:27:20-07:00,0,8
cv/index.html,57,html,1a6ed785,ritvikchand1,2025-04-11,21:27:20,-07:00,2025-04-11T21:27:20-07:00,0,40
cv/index.html,58,html,1a6ed785,ritvikchand1,2025-04-11,21:27:20,-07:00,2025-04-11T21:27:20-07:00,0,21
cv/index.html,59,html,1a6ed785,ritvikchand1,2025-04-11,21:27:20,-07:00,2025-04-11T21:27:20-07:00,0,81
cv/index.html,60,html,1a6ed785,ritvikchand1,2025-04-11,21:27:20,-07:00,2025-04-11T21:27:20-07:00,0,3
cv/index.html,61,html,1a6ed785,ritvikchand1,2025-04-11,21:27:20,-07:00,2025-04-11T21:27:20-07:00,0,107
cv/index.html,62,html,1a6ed785,ritvikchand1,2025-04-11,21:27:20,-07:00,2025-04-11T21:27:20-07:00,0,70
cv/index.html,63,html,1a6ed785,ritvikchand1,2025-04-11,21:27:20,-07:00,2025-04-11T21:27:20-07:00,0,106
cv/index.html,64,html,1a6ed785,ritvikchand1,2025-04-11,21:27:20,-07:00,2025-04-11T21:27:20-07:00,0,64
cv/index.html,65,html,1a6ed785,ritvikchand1,2025-04-11,21:27:20,-07:00,2025-04-11T21:27:20-07:00,0,4
cv/index.html,66,html,1a6ed785,ritvikchand1,2025-04-11,21:27:20,-07:00,2025-04-11T21:27:20-07:00,0,9
cv/index.html,67,html,1a6ed785,ritvikchand1,2025-04-11,21:27:20,-07:00,2025-04-11T21:27:20-07:00,0,8
cv/index.html,68,html,1a6ed785,ritvikchand1,2025-04-11,21:27:20,-07:00,2025-04-11T21:27:20-07:00,0,32
cv/index.html,69,html,1a6ed785,ritvikchand1,2025-04-11,21:27:20,-07:00,2025-04-11T21:27:20-07:00,0,36
cv/index.html,70,html,1a6ed785,ritvikchand1,2025-04-11,21:27:20,-07:00,2025-04-11T21:27:20-07:00,0,83
cv/index.html,71,html,1a6ed785,ritvikchand1,2025-04-11,21:27:20,-07:00,2025-04-11T21:27:20-07:00,0,3
cv/index.html,72,html,1a6ed785,ritvikchand1,2025-04-11,21:27:20,-07:00,2025-04-11T21:27:20-07:00,0,120
cv/index.html,73,html,1a6ed785,ritvikchand1,2025-04-11,21:27:20,-07:00,2025-04-11T21:27:20-07:00,0,28
cv/index.html,74,html,1a6ed785,ritvikchand1,2025-04-11,21:27:20,-07:00,2025-04-11T21:27:20-07:00,0,108
cv/index.html,75,html,1a6ed785,ritvikchand1,2025-04-11,21:27:20,-07:00,2025-04-11T21:27:20-07:00,0,78
cv/index.html,76,html,1a6ed785,ritvikchand1,2025-04-11,21:27:20,-07:00,2025-04-11T21:27:20-07:00,0,4
cv/index.html,77,html,1a6ed785,ritvikchand1,2025-04-11,21:27:20,-07:00,2025-04-11T21:27:20-07:00,0,9
cv/index.html,78,html,1a6ed785,ritvikchand1,2025-04-11,21:27:20,-07:00,2025-04-11T21:27:20-07:00,0,9
cv/index.html,79,html,1a6ed785,ritvikchand1,2025-04-11,21:27:20,-07:00,2025-04-11T21:27:20-07:00,0,0
cv/index.html,80,html,1a6ed785,ritvikchand1,2025-04-11,21:27:20,-07:00,2025-04-11T21:27:20-07:00,0,8
cv/index.html,81,html,1a6ed785,ritvikchand1,2025-04-11,21:27:20,-07:00,2025-04-11T21:27:20-07:00,0,7
cv/index.html,82,html,1a6ed785,ritvikchand1,2025-04-11,21:27:20,-07:00,2025-04-11T21:27:20-07:00,0,25
cv/index.html,83,html,1a6ed785,ritvikchand1,2025-04-11,21:27:20,-07:00,2025-04-11T21:27:20-07:00,0,7
cv/index.html,84,html,1a6ed785,ritvikchand1,2025-04-11,21:27:20,-07:00,2025-04-11T21:27:20-07:00,0,4
cv/index.html,85,html,1a6ed785,ritvikchand1,2025-04-11,21:27:20,-07:00,2025-04-11T21:27:20-07:00,0,8
cv/index.html,86,html,1a6ed785,ritvikchand1,2025-04-11,21:27:20,-07:00,2025-04-11T21:27:20-07:00,0,8
cv/index.html,87,html,1a6ed785,ritvikchand1,2025-04-11,21:27:20,-07:00,2025-04-11T21:27:20-07:00,0,30
cv/index.html,88,html,1a6ed785,ritvikchand1,2025-04-11,21:27:20,-07:00,2025-04-11T21:27:20-07:00,0,79
cv/index.html,89,html,1a6ed785,ritvikchand1,2025-04-11,21:27:20,-07:00,2025-04-11T21:27:20-07:00,0,81
cv/index.html,90,html,1a6ed785,ritvikchand1,2025-04-11,21:27:20,-07:00,2025-04-11T21:27:20-07:00,0,3
cv/index.html,91,html,1a6ed785,ritvikchand1,2025-04-11,21:27:20,-07:00,2025-04-11T21:27:20-07:00,0,169
cv/index.html,92,html,1a6ed785,ritvikchand1,2025-04-11,21:27:20,-07:00,2025-04-11T21:27:20-07:00,0,147
cv/index.html,93,html,1a6ed785,ritvikchand1,2025-04-11,21:27:20,-07:00,2025-04-11T21:27:20-07:00,0,4
cv/index.html,94,html,1a6ed785,ritvikchand1,2025-04-11,21:27:20,-07:00,2025-04-11T21:27:20-07:00,0,9
cv/index.html,95,html,1a6ed785,ritvikchand1,2025-04-11,21:27:20,-07:00,2025-04-11T21:27:20-07:00,0,8
cv/index.html,96,html,1a6ed785,ritvikchand1,2025-04-11,21:27:20,-07:00,2025-04-11T21:27:20-07:00,0,32
cv/index.html,97,html,1a6ed785,ritvikchand1,2025-04-11,21:27:20,-07:00,2025-04-11T21:27:20-07:00,0,78
cv/index.html,98,html,1a6ed785,ritvikchand1,2025-04-11,21:27:20,-07:00,2025-04-11T21:27:20-07:00,0,82
cv/index.html,99,html,1a6ed785,ritvikchand1,2025-04-11,21:27:20,-07:00,2025-04-11T21:27:20-07:00,0,3
cv/index.html,100,html,1a6ed785,ritvikchand1,2025-04-11,21:27:20,-07:00,2025-04-11T21:27:20-07:00,0,251
cv/index.html,101,html,1a6ed785,ritvikchand1,2025-04-11,21:27:20,-07:00,2025-04-11T21:27:20-07:00,0,4
cv/index.html,102,html,1a6ed785,ritvikchand1,2025-04-11,21:27:20,-07:00,2025-04-11T21:27:20-07:00,0,9
cv/index.html,103,html,1a6ed785,ritvikchand1,2025-04-11,21:27:20,-07:00,2025-04-11T21:27:20-07:00,0,9
cv/index.html,104,html,1a6ed785,ritvikchand1,2025-04-11,21:27:20,-07:00,2025-04-11T21:27:20-07:00,0,0
cv/index.html,105,html,1a6ed785,ritvikchand1,2025-04-11,21:27:20,-07:00,2025-04-11T21:27:20-07:00,0,8
cv/index.html,106,html,1a6ed785,ritvikchand1,2025-04-11,21:27:20,-07:00,2025-04-11T21:27:20-07:00,0,7
cv/index.html,107,html,1a6ed785,ritvikchand1,2025-04-11,21:27:20,-07:00,2025-04-11T21:27:20-07:00,0,46
cv/index.html,108,html,1a6ed785,ritvikchand1,2025-04-11,21:27:20,-07:00,2025-04-11T21:27:20-07:00,0,8
cv/index.html,109,html,8a33843d,ritvikchand1,2025-04-04,19:27:21,-07:00,2025-04-04T19:27:21-07:00,0,3
cv/index.html,110,html,1a6ed785,ritvikchand1,2025-04-11,21:27:20,-07:00,2025-04-11T21:27:20-07:00,0,75
cv/index.html,111,html,1a6ed785,ritvikchand1,2025-04-11,21:27:20,-07:00,2025-04-11T21:27:20-07:00,0,123
cv/index.html,112,html,1a6ed785,ritvikchand1,2025-04-11,21:27:20,-07:00,2025-04-11T21:27:20-07:00,0,43
cv/index.html,113,html,1a6ed785,ritvikchand1,2025-04-11,21:27:20,-07:00,2025-04-11T21:27:20-07:00,0,131
cv/index.html,114,html,8a33843d,ritvikchand1,2025-04-04,19:27:21,-07:00,2025-04-04T19:27:21-07:00,0,4
cv/index.html,115,html,1a6ed785,ritvikchand1,2025-04-11,21:27:20,-07:00,2025-04-11T21:27:20-07:00,0,9
cv/index.html,116,html,1a6ed785,ritvikchand1,2025-04-11,21:27:20,-07:00,2025-04-11T21:27:20-07:00,0,5
cv/index.html,117,html,f41f1311,ritvikchand1,2025-04-19,18:37:16,-07:00,2025-04-19T18:37:16-07:00,0,49
cv/index.html,118,html,8a33843d,ritvikchand1,2025-04-04,19:27:21,-07:00,2025-04-04T19:27:21-07:00,0,6
cv/index.html,119,html,8a33843d,ritvikchand1,2025-04-04,19:27:21,-07:00,2025-04-04T19:27:21-07:00,0,6
contact/index.html,1,html,8a33843d,ritvikchand1,2025-04-04,19:27:21,-07:00,2025-04-04T19:27:21-07:00,0,14
contact/index.html,2,html,8a33843d,ritvikchand1,2025-04-04,19:27:21,-07:00,2025-04-04T19:27:21-07:00,0,15
contact/index.html,3,html,8a33843d,ritvikchand1,2025-04-04,19:27:21,-07:00,2025-04-04T19:27:21-07:00,0,5
contact/index.html,4,html,8a33843d,ritvikchand1,2025-04-04,19:27:21,-07:00,2025-04-04T19:27:21-07:00,0,21
contact/index.html,5,html,8a33843d,ritvikchand1,2025-04-04,19:27:21,-07:00,2025-04-04T19:27:21-07:00,0,69
contact/index.html,6,html,8a33843d,ritvikchand1,2025-04-04,19:27:21,-07:00,2025-04-04T19:27:21-07:00,0,24
contact/index.html,7,html,1a6ed785,ritvikchand1,2025-04-11,21:27:20,-07:00,2025-04-11T21:27:20-07:00,0,42
contact/index.html,8,html,8a33843d,ritvikchand1,2025-04-04,19:27:21,-07:00,2025-04-04T19:27:21-07:00,0,6
contact/index.html,9,html,8a33843d,ritvikchand1,2025-04-04,19:27:21,-07:00,2025-04-04T19:27:21-07:00,0,5
contact/index.html,10,html,8a33843d,ritvikchand1,2025-04-04,19:27:21,-07:00,2025-04-04T19:27:21-07:00,0,18
contact/index.html,11,html,1a6ed785,ritvikchand1,2025-04-11,21:27:20,-07:00,2025-04-11T21:27:20-07:00,0,20
contact/index.html,12,html,1a6ed785,ritvikchand1,2025-04-11,21:27:20,-07:00,2025-04-11T21:27:20-07:00,0,72
contact/index.html,13,html,1a6ed785,ritvikchand1,2025-04-11,21:27:20,-07:00,2025-04-11T21:27:20-07:00,0,18
contact/index.html,14,html,1a6ed785,ritvikchand1,2025-04-11,21:27:20,-07:00,2025-04-11T21:27:20-07:00,0,5
contact/index.html,15,html,1a6ed785,ritvikchand1,2025-04-11,21:27:20,-07:00,2025-04-11T21:27:20-07:00,0,43
contact/index.html,16,html,1a6ed785,ritvikchand1,2025-04-11,21:27:20,-07:00,2025-04-11T21:27:20-07:00,0,7
contact/index.html,17,html,1a6ed785,ritvikchand1,2025-04-11,21:27:20,-07:00,2025-04-11T21:27:20-07:00,0,20
contact/index.html,18,html,1a6ed785,ritvikchand1,2025-04-11,21:27:20,-07:00,2025-04-11T21:27:20-07:00,0,7
contact/index.html,19,html,1a6ed785,ritvikchand1,2025-04-11,21:27:20,-07:00,2025-04-11T21:27:20-07:00,0,34
contact/index.html,20,html,1a6ed785,ritvikchand1,2025-04-11,21:27:20,-07:00,2025-04-11T21:27:20-07:00,0,7
contact/index.html,21,html,1a6ed785,ritvikchand1,2025-04-11,21:27:20,-07:00,2025-04-11T21:27:20-07:00,0,17
contact/index.html,22,html,1a6ed785,ritvikchand1,2025-04-11,21:27:20,-07:00,2025-04-11T21:27:20-07:00,0,4
contact/index.html,23,html,1a6ed785,ritvikchand1,2025-04-11,21:27:20,-07:00,2025-04-11T21:27:20-07:00,0,42
contact/index.html,24,html,1a6ed785,ritvikchand1,2025-04-11,21:27:20,-07:00,2025-04-11T21:27:20-07:00,0,7
contact/index.html,25,html,1a6ed785,ritvikchand1,2025-04-11,21:27:20,-07:00,2025-04-11T21:27:20-07:00,0,36
contact/index.html,26,html,1a6ed785,ritvikchand1,2025-04-11,21:27:20,-07:00,2025-04-11T21:27:20-07:00,0,6
contact/index.html,27,html,1a6ed785,ritvikchand1,2025-04-11,21:27:20,-07:00,2025-04-11T21:27:20-07:00,0,5
contact/index.html,28,html,f41f1311,ritvikchand1,2025-04-19,18:37:16,-07:00,2025-04-19T18:37:16-07:00,0,49
contact/index.html,29,html,8a33843d,ritvikchand1,2025-04-04,19:27:21,-07:00,2025-04-04T19:27:21-07:00,0,6
contact/index.html,30,html,8a33843d,ritvikchand1,2025-04-04,19:27:21,-07:00,2025-04-04T19:27:21-07:00,0,6
